sale_id,item_id,stall_id,quantity_sold,unit_price,total_amount,sale_type,date_time,recorded_by,cash_amount,mobile_amount,customer_name,customer_contact
352,80,1,1,600.00,600.00,cash,2026-02-23 15:58:39.802146,4,null,null,null,null
368,89,1,1,400.00,400.00,cash,2026-02-24 12:14:40.627755,1,null,null,null,null
373,78,1,1,100.00,100.00,cash,2026-02-24 15:10:17.8466,4,null,null,null,null
378,84,1,2,375.00,750.00,cash,2026-02-24 17:11:41.03459,5,null,null,null,null
359,86,2,1,600.00,600.00,mobile,2026-02-23 16:28:07.379952,7,null,null,null,null
363,87,2,2,300.00,600.00,cash,2026-02-24 10:07:02.657916,7,null,null,null,null
379,84,1,1,350.00,350.00,split,2026-02-24 17:12:13.886939,5,250.00,100.00,null,null
384,87,2,1,300.00,300.00,mobile,2026-02-24 19:02:49.629077,1,null,null,null,null
65,56,2,1,250.00,250.00,cash,2026-02-07 10:09:15.852775,1,null,null,null,null
390,87,2,1,300.00,300.00,mobile,2026-02-25 16:05:05.30114,7,null,null,null,null
403,94,1,1,380.00,380.00,mobile,2026-02-26 16:27:11.919052,5,null,null,null,null
404,87,2,2,300.00,600.00,mobile,2026-02-26 16:27:52.187431,7,null,null,null,null
71,76,2,1,400.00,400.00,mobile,2026-02-07 13:00:43.751601,4,null,null,null,null
72,51,2,1,500.00,500.00,mobile,2026-02-07 13:01:04.283674,7,null,null,null,null
398,69,1,3,216.67,650.01,mobile,2026-02-26 15:04:39.285522,4,null,null,null,null
74,59,1,1,450.00,450.00,mobile,2026-02-07 13:20:32.744113,5,null,null,null,null
76,59,1,2,500.00,1000.00,mobile,2026-02-07 15:25:07.152722,4,null,null,null,null
411,55,1,1,550.00,550.00,cash,2026-02-27 15:53:26.151075,7,null,null,null,null
423,96,1,2,500.00,1000.00,mobile,2026-02-28 15:11:52.017309,4,null,null,null,null
428,90,1,2,200.00,400.00,split,2026-02-28 16:05:38.586564,7,200.00,200.00,null,null
434,76,2,1,400.00,400.00,cash,2026-02-28 16:26:36.70925,7,null,null,null,null
410,85,1,1,600.00,600.00,cash,2026-02-27 15:52:36.8223,7,null,null,null,null
85,60,1,1,550.00,550.00,mobile,2026-02-07 16:22:33.570253,4,null,null,null,null
439,87,2,1,250.00,250.00,mobile,2026-03-01 15:18:45.906897,1,null,null,null,null
444,81,2,1,450.00,450.00,cash,2026-03-01 15:32:03.274958,5,null,null,null,null
88,76,2,2,450.00,900.00,mobile,2026-02-07 16:55:30.33339,4,null,null,null,null
84,77,2,1,400.00,400.00,mobile,2026-02-07 16:21:34.0416,5,null,null,null,null
449,85,2,1,600.00,600.00,split,2026-03-01 15:36:49.791984,5,400.00,200.00,null,null
70,66,1,1,1100.00,1100.00,cash,2026-02-07 12:50:31.900498,7,null,null,null,null
89,65,1,1,800.00,800.00,mobile,2026-02-08 06:14:50.009345,4,null,null,null,null
456,59,1,1,500.00,500.00,cash,2026-03-01 15:42:47.169005,1,null,null,null,null
462,72,1,1,500.00,500.00,cash,2026-03-01 15:46:54.161038,4,null,null,null,null
474,90,1,1,170.00,170.00,cash,2026-03-01 15:51:29.927917,4,null,null,null,null
475,84,1,2,400.00,800.00,cash,2026-03-01 15:51:50.327464,4,null,null,null,null
480,59,1,1,500.00,500.00,cash,2026-03-02 16:09:39.759468,7,null,null,null,null
485,78,1,1,100.00,100.00,cash,2026-03-02 16:26:06.248267,5,null,null,null,null
491,90,1,1,200.00,200.00,cash,2026-03-03 15:19:53.037928,4,null,null,null,null
496,56,2,1,350.00,350.00,mobile,2026-03-03 16:49:44.77625,4,null,null,null,null
501,60,2,1,500.00,500.00,mobile,2026-03-04 20:31:09.616575,1,null,null,null,null
506,90,1,1,150.00,150.00,cash,2026-03-06 17:21:47.556326,1,null,null,null,null
511,56,2,1,350.00,350.00,split,2026-03-06 18:37:21.006495,5,300.00,50.00,null,null
514,60,2,1,500.00,500.00,mobile,2026-03-06 18:38:46.474635,5,null,null,null,null
516,72,1,1,500.00,500.00,mobile,2026-03-06 18:39:20.606778,4,null,null,null,null
517,78,1,3,100.00,300.00,cash,2026-03-06 18:40:01.018078,7,null,null,null,null
47,56,2,1,300.00,300.00,cash,2026-02-06 14:26:09.697683,1,null,null,null,null
518,96,1,1,500.00,500.00,mobile,2026-03-06 18:40:19.611621,5,null,null,null,null
522,80,1,1,500.00,500.00,cash,2026-03-07 15:58:48.369325,4,null,null,null,null
523,94,1,1,350.00,350.00,cash,2026-03-07 15:59:21.179328,4,null,null,null,null
529,76,2,1,350.00,350.00,cash,2026-03-07 16:32:20.087222,4,null,null,null,null
52,60,1,1,600.00,600.00,cash,2026-02-06 17:32:07.239834,5,null,null,null,null
53,50,1,2,425.00,850.00,cash,2026-02-06 17:34:51.038806,7,null,null,null,null
54,75,2,1,600.00,600.00,mobile,2026-02-06 17:36:35.01699,5,null,null,null,null
534,56,1,2,300.00,600.00,mobile,2026-03-08 13:49:40.300032,1,null,null,null,null
56,76,2,1,400.00,400.00,mobile,2026-02-06 17:40:28.355018,5,null,null,null,null
540,96,1,1,500.00,500.00,mobile,2026-03-08 16:35:29.208836,4,null,null,null,null
546,96,1,2,500.00,1000.00,cash,2026-03-08 16:37:19.295608,7,null,null,null,null
548,96,2,1,500.00,500.00,mobile,2026-03-08 16:37:57.731196,5,null,null,null,null
557,96,1,1,500.00,500.00,mobile,2026-03-10 16:05:22.856498,4,null,null,null,null
562,80,1,1,600.00,600.00,mobile,2026-03-11 15:58:48.983195,5,null,null,null,null
567,50,1,1,350.00,350.00,split,2026-03-12 15:57:08.402767,4,50.00,300.00,null,null
573,96,1,1,500.00,500.00,mobile,2026-03-13 16:30:11.642949,7,null,null,null,null
578,96,1,1,500.00,500.00,mobile,2026-03-14 16:26:57.935977,7,null,null,null,null
106,78,1,2,100.00,200.00,mobile,2026-02-08 14:25:22.12276,1,null,null,null,null
579,94,1,1,400.00,400.00,mobile,2026-03-14 16:27:51.273485,7,null,null,null,null
108,50,1,1,400.00,400.00,mobile,2026-02-08 15:33:50.600971,1,null,null,null,null
109,76,2,1,400.00,400.00,mobile,2026-02-08 15:47:06.899843,4,null,null,null,null
110,76,2,1,370.00,370.00,cash,2026-02-08 15:47:30.377243,4,null,null,null,null
580,81,2,1,500.00,500.00,mobile,2026-03-14 16:28:06.604219,7,null,null,null,null
585,78,1,1,100.00,100.00,cash,2026-03-14 20:25:51.023771,1,null,null,null,null
594,96,1,1,500.00,500.00,split,2026-03-15 16:17:26.244314,4,200.00,300.00,null,null
599,81,2,1,500.00,500.00,mobile,2026-03-15 16:59:17.474128,1,null,null,null,null
604,82,1,3,466.67,1400.01,cash,2026-03-15 17:27:07.969835,5,null,null,null,null
609,59,2,1,500.00,500.00,cash,2026-03-15 17:32:36.220657,7,null,null,null,null
611,76,2,1,450.00,450.00,cash,2026-03-15 17:33:34.972865,5,null,null,null,null
615,90,1,1,180.00,180.00,mobile,2026-03-16 16:42:08.42205,4,null,null,null,null
622,56,2,2,350.00,700.00,mobile,2026-03-16 18:35:54.443221,1,null,null,null,null
627,76,2,1,400.00,400.00,cash,2026-03-17 15:55:09.054907,4,null,null,null,null
632,94,1,1,370.00,370.00,cash,2026-03-19 15:57:57.929417,4,null,null,null,null
120,50,1,1,350.00,350.00,mobile,2026-02-09 13:55:33.809607,4,null,null,null,null
637,76,2,1,380.00,380.00,mobile,2026-03-20 16:46:15.550273,7,null,null,null,null
642,72,1,1,500.00,500.00,cash,2026-03-21 15:58:03.773659,4,null,null,null,null
646,80,1,2,550.00,1100.00,mobile,2026-03-22 16:45:42.422784,4,null,null,null,null
127,50,1,1,350.00,350.00,mobile,2026-02-09 15:13:57.155277,7,null,null,null,null
128,50,1,1,350.00,350.00,mobile,2026-02-09 15:14:58.095881,7,null,null,null,null
129,72,1,1,400.00,400.00,mobile,2026-02-09 15:15:25.060546,4,null,null,null,null
130,51,2,1,450.00,450.00,mobile,2026-02-09 15:16:16.577194,7,null,null,null,null
132,67,1,1,1400.00,1400.00,mobile,2026-02-09 16:48:01.25186,7,null,null,null,null
135,50,1,1,350.00,350.00,cash,2026-02-10 11:51:54.419037,4,null,null,null,null
140,56,2,2,300.00,600.00,mobile,2026-02-10 12:00:45.60864,4,null,null,null,null
141,67,1,1,1350.00,1350.00,mobile,2026-02-10 12:02:39.353358,7,null,null,null,null
369,72,1,2,500.00,1000.00,cash,2026-02-24 15:06:58.097213,4,null,null,null,null
374,90,1,1,200.00,200.00,cash,2026-02-24 15:22:40.01096,7,null,null,null,null
353,90,1,1,200.00,200.00,mobile,2026-02-23 16:06:01.099259,7,null,null,null,null
146,72,1,1,450.00,450.00,mobile,2026-02-10 17:10:51.912896,7,null,null,null,null
147,50,1,1,370.00,370.00,split,2026-02-11 06:56:19.54569,4,20.00,350.00,null,null
358,87,2,1,300.00,300.00,mobile,2026-02-23 16:27:31.134245,7,null,null,null,null
365,76,2,2,400.00,800.00,split,2026-02-24 10:08:51.112008,7,400.00,400.00,null,null
385,90,1,2,175.00,350.00,mobile,2026-02-24 19:16:26.411108,5,null,null,null,null
151,50,1,1,380.00,380.00,mobile,2026-02-11 15:18:08.048607,1,null,null,null,null
391,59,2,1,500.00,500.00,cash,2026-02-25 16:05:45.084344,7,null,null,null,null
392,76,2,1,400.00,400.00,split,2026-02-25 16:07:10.317122,7,20.00,380.00,null,null
399,90,1,1,200.00,200.00,mobile,2026-02-26 15:05:02.676519,4,null,null,null,null
156,50,1,1,400.00,400.00,mobile,2026-02-11 16:09:34.592376,7,null,null,null,null
157,55,1,1,500.00,500.00,mobile,2026-02-11 16:10:01.810016,7,null,null,null,null
405,60,2,1,450.00,450.00,mobile,2026-02-26 16:28:21.379193,5,null,null,null,null
412,90,1,1,250.00,250.00,cash,2026-02-27 15:54:29.90685,5,null,null,null,null
413,94,1,1,400.00,400.00,mobile,2026-02-27 15:54:57.160534,5,null,null,null,null
414,78,1,1,100.00,100.00,cash,2026-02-27 15:55:25.793902,5,null,null,null,null
162,78,1,1,100.00,100.00,cash,2026-02-12 15:36:25.550997,4,null,null,null,null
419,96,1,1,500.00,500.00,credit,2026-02-28 10:05:32.661611,1,null,null,null,null
424,65,1,1,800.00,800.00,split,2026-02-28 15:12:26.793665,4,100.00,700.00,null,null
165,66,1,2,1200.00,2400.00,cash,2026-02-12 15:38:32.498023,4,null,null,null,null
429,90,1,1,200.00,200.00,cash,2026-02-28 16:06:35.358819,7,null,null,null,null
435,86,2,1,600.00,600.00,cash,2026-02-28 16:32:07.411181,5,null,null,null,null
440,81,2,1,450.00,450.00,cash,2026-03-01 15:19:57.337515,1,null,null,null,null
169,50,1,1,400.00,400.00,mobile,2026-02-12 16:57:25.107768,5,null,null,null,null
445,81,2,1,500.00,500.00,mobile,2026-03-01 15:32:32.549217,5,null,null,null,null
450,72,1,1,500.00,500.00,cash,2026-03-01 15:40:19.590367,5,null,null,null,null
172,76,2,1,400.00,400.00,cash,2026-02-12 16:59:30.172897,4,null,null,null,null
452,72,1,1,500.00,500.00,cash,2026-03-01 15:41:29.02244,5,null,null,null,null
455,90,1,1,200.00,200.00,mobile,2026-03-01 15:42:26.532485,5,null,null,null,null
457,95,1,1,700.00,700.00,mobile,2026-03-01 15:43:04.570809,5,null,null,null,null
460,83,1,1,600.00,600.00,split,2026-03-01 15:46:01.574624,4,500.00,100.00,null,null
178,51,2,1,500.00,500.00,mobile,2026-02-12 17:04:00.058091,7,null,null,null,null
179,72,1,1,500.00,500.00,mobile,2026-02-12 17:08:31.215036,1,null,null,null,null
180,76,2,1,400.00,400.00,split,2026-02-12 17:09:15.859827,7,200.00,200.00,null,null
181,76,2,1,350.00,350.00,mobile,2026-02-12 17:09:17.371411,1,null,null,null,null
182,69,1,6,233.00,1398.00,cash,2026-02-12 17:10:43.975239,1,null,null,null,null
183,56,2,4,287.00,1148.00,cash,2026-02-12 17:12:28.281168,1,null,null,null,null
184,50,1,2,350.00,700.00,cash,2026-02-12 17:13:52.245761,1,null,null,null,null
464,90,1,1,160.00,160.00,cash,2026-03-01 15:47:47.224472,4,null,null,null,null
469,85,1,1,700.00,700.00,mobile,2026-03-01 15:49:35.052199,4,null,null,null,null
476,59,1,1,500.00,500.00,cash,2026-03-01 15:52:11.090254,4,null,null,null,null
458,78,1,19,100.00,1900.00,split,2026-03-01 15:43:29.963759,5,1700.00,200.00,null,null
189,68,null,3,0.00,0.00,cash,2026-02-13 14:37:39.182485,1,null,null,null,null
481,90,1,1,200.00,200.00,cash,2026-03-02 16:10:07.918465,7,null,null,null,null
487,87,2,2,250.00,500.00,cash,2026-03-02 16:27:16.552281,5,null,null,null,null
492,84,1,1,400.00,400.00,cash,2026-03-03 15:42:59.198138,7,null,null,null,null
497,83,1,2,500.00,1000.00,mobile,2026-03-04 15:35:24.784295,4,null,null,null,null
194,51,2,3,433.00,1299.00,mobile,2026-02-13 16:01:11.614854,1,null,null,null,null
195,51,2,1,450.00,450.00,mobile,2026-02-13 16:30:39.313759,7,null,null,null,null
196,51,2,1,500.00,500.00,mobile,2026-02-13 16:31:41.838662,7,null,null,null,null
197,76,2,1,400.00,400.00,mobile,2026-02-13 16:32:13.435905,7,null,null,null,null
502,87,2,1,250.00,250.00,mobile,2026-03-04 20:33:24.892169,5,null,null,null,null
507,89,1,1,350.00,350.00,cash,2026-03-06 17:22:23.419081,1,null,null,null,null
512,56,2,1,350.00,350.00,mobile,2026-03-06 18:37:47.910009,5,null,null,null,null
201,50,1,2,400.00,800.00,mobile,2026-02-13 16:35:17.931467,5,null,null,null,null
202,50,1,3,383.00,1149.00,split,2026-02-13 16:37:34.9884,5,1000.00,149.00,null,null
513,50,1,1,370.00,370.00,mobile,2026-03-06 18:38:23.332336,4,null,null,null,null
524,72,1,1,500.00,500.00,cash,2026-03-07 16:01:32.801119,4,null,null,null,null
526,86,1,3,600.00,1800.00,mobile,2026-03-07 16:03:16.886537,7,null,null,null,null
530,96,1,2,500.00,1000.00,mobile,2026-03-07 16:33:06.968876,5,null,null,null,null
207,50,1,1,400.00,400.00,mobile,2026-02-13 16:39:13.414283,7,null,null,null,null
535,94,1,1,350.00,350.00,mobile,2026-03-08 16:33:14.031603,4,null,null,null,null
541,51,2,1,400.00,400.00,mobile,2026-03-08 16:35:37.235172,7,null,null,null,null
551,56,1,1,350.00,350.00,mobile,2026-03-08 16:39:16.655646,5,null,null,null,null
552,84,1,2,400.00,800.00,mobile,2026-03-09 16:19:00.632676,4,null,null,null,null
558,96,1,1,500.00,500.00,cash,2026-03-10 16:05:39.539849,7,null,null,null,null
563,83,1,1,600.00,600.00,cash,2026-03-12 15:55:15.275172,4,null,null,null,null
569,87,2,2,300.00,600.00,mobile,2026-03-12 15:59:16.157124,7,null,null,null,null
574,72,1,1,500.00,500.00,split,2026-03-13 16:31:05.70507,7,400.00,100.00,null,null
581,76,2,1,450.00,450.00,mobile,2026-03-14 16:28:46.827847,7,null,null,null,null
217,69,1,3,216.00,648.00,cash,2026-02-13 16:51:43.983952,1,null,null,null,null
586,90,1,2,150.00,300.00,mobile,2026-03-14 20:26:52.405492,1,null,null,null,null
595,87,2,2,275.00,550.00,split,2026-03-15 16:19:47.841044,4,50.00,500.00,null,null
600,88,1,1,500.00,500.00,mobile,2026-03-15 17:02:09.145424,1,null,null,null,null
605,80,1,2,550.00,1100.00,mobile,2026-03-15 17:28:17.838009,5,null,null,null,null
610,76,2,1,450.00,450.00,split,2026-03-15 17:33:07.760796,7,300.00,150.00,null,null
616,59,1,2,500.00,1000.00,cash,2026-03-16 16:47:17.042294,7,null,null,null,null
617,78,1,1,100.00,100.00,cash,2026-03-16 16:47:42.762422,4,null,null,null,null
227,59,1,1,450.00,450.00,mobile,2026-02-14 16:03:39.622357,4,null,null,null,null
618,78,1,1,100.00,100.00,cash,2026-03-16 16:48:23.077813,7,null,null,null,null
229,60,2,1,550.00,550.00,mobile,2026-02-14 16:22:56.697511,5,null,null,null,null
623,56,1,1,350.00,350.00,mobile,2026-03-16 18:36:41.515399,1,null,null,null,null
628,86,1,1,600.00,600.00,cash,2026-03-18 16:00:18.773227,4,null,null,null,null
633,96,1,1,500.00,500.00,mobile,2026-03-19 15:58:31.77569,5,null,null,null,null
638,95,1,1,700.00,700.00,cash,2026-03-20 16:50:06.486347,5,null,null,null,null
643,78,1,2,100.00,200.00,cash,2026-03-21 15:58:33.188837,4,null,null,null,null
234,69,1,3,217.00,651.00,mobile,2026-02-14 16:26:58.644804,5,null,null,null,null
222,69,1,2,200.00,400.00,credit,2026-02-14 10:09:23.031801,1,null,null,null,null
354,65,1,2,800.00,1600.00,mobile,2026-02-23 16:07:06.337317,7,null,null,null,null
360,51,2,2,500.00,1000.00,mobile,2026-02-23 16:29:08.586324,5,null,null,null,null
316,59,1,1,500.00,500.00,cash,2026-02-21 15:43:05.670123,4,null,null,null,null
370,59,1,1,500.00,500.00,cash,2026-02-24 15:07:28.771076,4,null,null,null,null
239,76,2,1,400.00,400.00,mobile,2026-02-15 11:40:53.042553,7,null,null,null,null
366,80,1,2,600.00,1200.00,cash,2026-02-24 10:09:00.486653,1,null,null,null,null
375,59,1,1,500.00,500.00,cash,2026-02-24 16:09:59.548429,5,null,null,null,null
381,50,1,1,350.00,350.00,mobile,2026-02-24 17:13:51.280118,4,null,null,null,null
386,87,2,1,300.00,300.00,mobile,2026-02-24 19:24:08.433263,5,null,null,null,null
244,50,1,1,400.00,400.00,mobile,2026-02-15 16:25:40.97403,4,null,null,null,null
298,55,1,2,600.00,1200.00,credit,2026-02-21 04:23:32.937247,1,null,null,null,null
246,50,1,1,350.00,350.00,split,2026-02-15 16:26:43.543346,4,300.00,50.00,null,null
393,51,2,1,500.00,500.00,mobile,2026-02-25 16:08:00.076143,4,null,null,null,null
248,60,2,1,500.00,500.00,mobile,2026-02-15 16:31:19.375092,1,null,null,null,null
397,76,2,1,400.00,400.00,cash,2026-02-25 16:09:24.550201,5,null,null,null,null
400,96,1,1,500.00,500.00,cash,2026-02-26 15:14:09.222738,4,null,null,null,null
407,87,2,1,300.00,300.00,mobile,2026-02-26 16:33:26.822067,5,null,null,null,null
415,94,1,2,375.00,750.00,cash,2026-02-27 15:56:00.353336,4,null,null,null,null
420,78,1,1,100.00,100.00,cash,2026-02-28 15:10:05.870715,4,null,null,null,null
425,72,1,1,500.00,500.00,cash,2026-02-28 15:55:03.457915,4,null,null,null,null
255,60,1,1,500.00,500.00,mobile,2026-02-15 16:48:10.108375,5,null,null,null,null
430,96,1,1,500.00,500.00,mobile,2026-02-28 16:07:11.604056,7,null,null,null,null
257,60,2,1,500.00,500.00,mobile,2026-02-15 16:54:43.793206,4,null,null,null,null
258,76,2,1,400.00,400.00,mobile,2026-02-15 16:55:03.918464,7,null,null,null,null
436,94,2,1,300.00,300.00,cash,2026-02-28 16:32:46.706519,5,null,null,null,null
260,68,1,3,233.30,699.90,cash,2026-02-15 16:57:45.59083,7,null,null,null,null
261,68,1,1,230.00,230.00,mobile,2026-02-15 17:07:04.680268,1,null,null,null,null
262,60,2,1,550.00,550.00,mobile,2026-02-15 17:13:50.19199,5,null,null,null,null
441,65,1,3,750.00,2250.00,cash,2026-03-01 15:21:45.88756,1,null,null,null,null
446,91,2,1,450.00,450.00,mobile,2026-03-01 15:33:01.842195,5,null,null,null,null
265,50,1,1,350.00,350.00,mobile,2026-02-17 15:33:49.286053,4,null,null,null,null
266,78,1,1,100.00,100.00,cash,2026-02-17 15:34:11.791526,4,null,null,null,null
451,90,1,1,200.00,200.00,cash,2026-03-01 15:40:43.780956,5,null,null,null,null
465,50,1,1,350.00,350.00,mobile,2026-03-01 15:48:10.228337,4,null,null,null,null
472,93,1,1,400.00,400.00,cash,2026-03-01 15:50:46.336816,4,null,null,null,null
477,76,2,1,350.00,350.00,cash,2026-03-01 16:36:46.49317,4,null,null,null,null
488,80,1,1,650.00,650.00,mobile,2026-03-02 18:16:42.250378,7,null,null,null,null
271,68,1,3,217.00,651.00,split,2026-02-18 06:14:14.730604,1,220.00,431.00,null,null
493,96,2,1,500.00,500.00,cash,2026-03-03 16:43:31.137598,7,null,null,null,null
275,76,2,2,400.00,800.00,mobile,2026-02-19 15:48:01.934356,7,null,null,null,null
498,55,1,1,500.00,500.00,cash,2026-03-04 15:35:44.293783,4,null,null,null,null
277,76,2,1,380.00,380.00,split,2026-02-19 15:51:06.179173,4,30.00,350.00,null,null
278,50,1,2,375.00,750.00,mobile,2026-02-19 15:58:01.489328,7,null,null,null,null
279,78,1,4,100.00,400.00,mobile,2026-02-19 15:58:21.431755,4,null,null,null,null
280,50,1,4,350.00,1400.00,mobile,2026-02-19 15:58:47.937176,4,null,null,null,null
281,50,1,1,370.00,370.00,cash,2026-02-19 15:59:18.11354,4,null,null,null,null
503,78,1,1,100.00,100.00,cash,2026-03-05 16:28:17.760129,5,null,null,null,null
283,78,1,3,100.00,300.00,cash,2026-02-20 14:45:51.691332,4,null,null,null,null
508,80,1,1,550.00,550.00,cash,2026-03-06 17:23:14.070111,1,null,null,null,null
515,90,1,1,170.00,170.00,mobile,2026-03-06 18:39:01.579261,4,null,null,null,null
519,87,2,1,250.00,250.00,cash,2026-03-06 18:40:38.055683,4,null,null,null,null
287,50,1,1,350.00,350.00,mobile,2026-02-20 15:50:05.731423,4,null,null,null,null
288,72,1,2,500.00,1000.00,mobile,2026-02-20 17:00:47.850711,7,null,null,null,null
525,90,1,1,150.00,150.00,cash,2026-03-07 16:02:01.088029,4,null,null,null,null
290,59,1,1,500.00,500.00,mobile,2026-02-20 17:02:57.770878,7,null,null,null,null
531,96,1,1,500.00,500.00,cash,2026-03-08 08:26:20.329966,1,null,null,null,null
536,83,1,1,550.00,550.00,mobile,2026-03-08 16:33:59.883034,4,null,null,null,null
293,78,1,3,100.00,300.00,cash,2026-02-21 04:17:11.365766,1,null,null,null,null
294,59,1,1,450.00,450.00,cash,2026-02-21 04:18:14.636674,1,null,null,null,null
539,72,1,1,500.00,500.00,mobile,2026-03-08 16:34:52.638515,4,null,null,null,null
296,60,2,2,525.00,1050.00,split,2026-02-21 04:20:42.029059,1,550.00,500.00,null,null
542,85,2,1,600.00,600.00,cash,2026-03-08 16:36:32.070015,5,null,null,null,null
299,51,1,1,500.00,500.00,cash,2026-02-21 05:30:53.093425,1,null,null,null,null
300,78,1,2,100.00,200.00,cash,2026-02-21 05:31:24.688812,1,null,null,null,null
543,89,1,2,350.00,700.00,cash,2026-03-08 16:36:42.647077,7,null,null,null,null
544,72,2,1,500.00,500.00,cash,2026-03-08 16:36:52.753777,5,null,null,null,null
549,78,1,1,100.00,100.00,mobile,2026-03-08 16:38:25.64978,5,null,null,null,null
553,90,1,1,150.00,150.00,cash,2026-03-09 16:40:18.318294,7,null,null,null,null
559,96,2,1,500.00,500.00,cash,2026-03-10 16:08:02.259106,4,null,null,null,null
306,78,1,1,100.00,100.00,cash,2026-02-21 12:59:43.759072,1,null,null,null,null
564,84,1,1,400.00,400.00,cash,2026-03-12 15:55:30.986172,4,null,null,null,null
568,96,1,1,500.00,500.00,mobile,2026-03-12 15:57:26.383403,7,null,null,null,null
570,80,1,1,600.00,600.00,mobile,2026-03-12 17:04:50.589575,1,null,null,null,null
310,59,1,1,500.00,500.00,cash,2026-02-21 15:38:51.850177,4,null,null,null,null
311,72,1,2,500.00,1000.00,cash,2026-02-21 15:39:23.628799,4,null,null,null,null
575,87,2,1,300.00,300.00,cash,2026-03-13 16:32:47.020396,7,null,null,null,null
582,90,1,3,200.00,600.00,mobile,2026-03-14 16:59:25.959286,5,null,null,null,null
587,90,1,1,150.00,150.00,cash,2026-03-15 16:15:18.220252,4,null,null,null,null
588,94,1,1,400.00,400.00,mobile,2026-03-15 16:15:38.569761,4,null,null,null,null
317,50,1,1,370.00,370.00,mobile,2026-02-21 16:00:56.433013,1,null,null,null,null
318,76,2,1,400.00,400.00,cash,2026-02-21 16:06:14.721615,5,null,null,null,null
319,78,1,2,100.00,200.00,cash,2026-02-21 16:07:52.691416,7,null,null,null,null
596,80,1,2,550.00,1100.00,mobile,2026-03-15 16:54:14.335323,1,null,null,null,null
601,83,1,1,550.00,550.00,mobile,2026-03-15 17:10:28.059184,1,null,null,null,null
606,84,1,1,400.00,400.00,mobile,2026-03-15 17:29:29.375845,5,null,null,null,null
612,96,2,1,450.00,450.00,mobile,2026-03-16 15:46:21.979147,7,null,null,null,null
619,78,1,1,100.00,100.00,mobile,2026-03-16 16:48:43.903721,7,null,null,null,null
624,89,1,1,350.00,350.00,mobile,2026-03-16 18:37:20.803322,1,null,null,null,null
629,90,1,1,150.00,150.00,split,2026-03-18 16:00:55.422263,4,50.00,100.00,null,null
323,60,2,1,500.00,500.00,mobile,2026-02-22 15:00:35.365245,1,null,null,null,null
634,96,1,1,500.00,500.00,mobile,2026-03-19 15:58:51.293272,5,null,null,null,null
639,76,2,1,400.00,400.00,mobile,2026-03-21 15:54:57.203595,7,null,null,null,null
371,85,1,1,600.00,600.00,cash,2026-02-24 15:07:46.286435,4,null,null,null,null
355,90,1,1,300.00,300.00,mobile,2026-02-23 16:08:25.953251,5,null,null,null,null
361,90,1,2,150.00,300.00,cash,2026-02-24 10:02:43.816871,1,null,null,null,null
364,86,2,1,600.00,600.00,cash,2026-02-24 10:07:56.519304,7,null,null,null,null
367,82,1,1,600.00,600.00,cash,2026-02-24 10:09:36.323121,1,null,null,null,null
376,90,1,1,200.00,200.00,cash,2026-02-24 16:11:13.026829,5,null,null,null,null
382,90,1,2,175.00,350.00,mobile,2026-02-24 17:14:52.332784,5,null,null,null,null
387,96,1,3,500.00,1500.00,cash,2026-02-25 11:32:40.468909,4,null,null,null,null
394,88,1,1,500.00,500.00,cash,2026-02-25 16:08:39.218023,7,null,null,null,null
395,86,2,1,600.00,600.00,cash,2026-02-25 16:08:49.870658,5,null,null,null,null
401,96,1,1,550.00,550.00,mobile,2026-02-26 16:26:19.269858,5,null,null,null,null
408,85,1,1,600.00,600.00,mobile,2026-02-26 18:11:26.519964,1,null,null,null,null
416,72,1,1,500.00,500.00,cash,2026-02-27 15:56:15.713189,4,null,null,null,null
421,90,1,1,200.00,200.00,mobile,2026-02-28 15:11:17.508569,4,null,null,null,null
426,78,1,4,100.00,400.00,cash,2026-02-28 16:02:09.652232,5,null,null,null,null
431,79,2,1,200.00,200.00,cash,2026-02-28 16:24:56.372564,7,null,null,null,null
433,72,2,1,500.00,500.00,mobile,2026-02-28 16:26:04.328855,7,null,null,null,null
437,80,1,1,600.00,600.00,mobile,2026-02-28 16:33:53.219548,5,null,null,null,null
442,96,2,1,500.00,500.00,cash,2026-03-01 15:31:03.41783,5,null,null,null,null
447,76,2,1,400.00,400.00,cash,2026-03-01 15:35:00.493711,5,null,null,null,null
453,87,2,2,300.00,600.00,cash,2026-03-01 15:41:53.206709,1,null,null,null,null
461,72,1,1,550.00,550.00,mobile,2026-03-01 15:46:31.352286,4,null,null,null,null
466,96,2,1,500.00,500.00,mobile,2026-03-01 15:48:37.924634,5,null,null,null,null
467,50,1,1,350.00,350.00,split,2026-03-01 15:48:38.044245,4,40.00,310.00,null,null
473,82,1,1,500.00,500.00,mobile,2026-03-01 15:51:11.234256,4,null,null,null,null
478,56,2,1,250.00,250.00,cash,2026-03-02 14:07:21.587693,4,null,null,null,null
483,85,2,1,600.00,600.00,mobile,2026-03-02 16:25:37.029585,4,null,null,null,null
486,81,2,2,500.00,1000.00,cash,2026-03-02 16:26:41.901105,5,null,null,null,null
489,78,1,5,100.00,500.00,mobile,2026-03-03 15:19:10.648676,4,null,null,null,null
494,96,2,1,500.00,500.00,mobile,2026-03-03 16:45:50.871322,5,null,null,null,null
499,59,1,1,500.00,500.00,mobile,2026-03-04 20:29:31.505781,1,null,null,null,null
504,82,1,1,450.00,450.00,cash,2026-03-05 16:28:54.849956,5,null,null,null,null
509,65,1,2,775.00,1550.00,mobile,2026-03-06 17:24:13.935041,1,null,null,null,null
520,59,1,1,500.00,500.00,cash,2026-03-06 20:47:07.385971,1,null,null,null,null
527,65,1,1,800.00,800.00,cash,2026-03-07 16:03:45.719572,7,null,null,null,null
532,94,1,1,400.00,400.00,mobile,2026-03-08 08:27:00.613191,1,null,null,null,null
537,88,1,1,500.00,500.00,mobile,2026-03-08 16:34:25.912044,4,null,null,null,null
545,81,2,1,500.00,500.00,mobile,2026-03-08 16:37:15.405174,5,null,null,null,null
550,95,1,1,790.00,790.00,mobile,2026-03-08 16:38:48.170878,5,null,null,null,null
554,90,1,1,150.00,150.00,mobile,2026-03-09 17:41:02.562491,1,null,null,null,null
560,96,1,1,500.00,500.00,cash,2026-03-11 15:51:50.915165,4,null,null,null,null
565,94,1,2,375.00,750.00,mobile,2026-03-12 15:55:52.615173,4,null,null,null,null
571,82,1,1,500.00,500.00,mobile,2026-03-13 16:25:59.216799,5,null,null,null,null
576,80,1,2,575.00,1150.00,mobile,2026-03-14 16:02:21.41513,4,null,null,null,null
583,55,1,1,500.00,500.00,mobile,2026-03-14 17:00:05.624723,5,null,null,null,null
589,91,1,1,400.00,400.00,mobile,2026-03-15 16:16:04.144827,4,null,null,null,null
591,96,1,1,500.00,500.00,cash,2026-03-15 16:16:34.824096,4,null,null,null,null
592,96,1,1,500.00,500.00,cash,2026-03-15 16:16:49.781727,4,null,null,null,null
597,82,1,5,490.00,2450.00,mobile,2026-03-15 16:56:27.532494,1,null,null,null,null
602,56,1,1,350.00,350.00,mobile,2026-03-15 17:11:18.261058,1,null,null,null,null
607,87,2,1,300.00,300.00,mobile,2026-03-15 17:32:02.342971,5,null,null,null,null
613,51,2,1,600.00,600.00,mobile,2026-03-16 15:47:24.78172,5,null,null,null,null
620,51,2,1,500.00,500.00,mobile,2026-03-16 16:51:09.503057,7,null,null,null,null
625,82,1,1,500.00,500.00,cash,2026-03-17 15:52:14.815295,5,null,null,null,null
630,81,2,1,500.00,500.00,mobile,2026-03-18 16:36:40.155266,5,null,null,null,null
635,76,2,2,400.00,800.00,cash,2026-03-19 16:28:29.213658,7,null,null,null,null
640,50,1,1,400.00,400.00,mobile,2026-03-21 15:55:47.763642,7,null,null,null,null
644,96,1,1,500.00,500.00,split,2026-03-21 15:59:00.75778,4,300.00,200.00,null,null
647,50,1,1,350.00,350.00,split,2026-03-22 16:46:17.079713,4,300.00,50.00,null,null
649,84,1,2,425.00,850.00,mobile,2026-03-22 16:47:49.300298,4,null,null,null,null
651,96,1,1,500.00,500.00,split,2026-03-22 16:49:30.86475,4,200.00,300.00,null,null
653,85,1,1,600.00,600.00,mobile,2026-03-22 17:05:13.295606,1,null,null,null,null
657,72,1,1,500.00,500.00,cash,2026-03-22 17:07:12.099415,4,null,null,null,null
659,90,1,3,150.00,450.00,cash,2026-03-22 17:08:37.113327,1,null,null,null,null
660,76,2,1,400.00,400.00,cash,2026-03-22 17:08:39.906097,4,null,null,null,null
664,59,2,2,500.00,1000.00,mobile,2026-03-23 09:30:38.286909,5,null,null,null,null
667,86,2,1,580.00,580.00,split,2026-03-23 09:34:19.000129,5,400.00,180.00,null,null
671,76,2,1,450.00,450.00,mobile,2026-03-23 16:09:17.5372,4,null,null,null,null
669,94,1,1,550.00,550.00,mobile,2026-03-23 15:22:35.352554,5,null,null,null,null
674,56,2,1,350.00,350.00,mobile,2026-03-24 16:40:57.682331,7,null,null,null,null
676,65,2,1,800.00,800.00,cash,2026-03-24 16:41:20.652121,7,null,null,null,null
678,96,1,1,500.00,500.00,cash,2026-03-25 16:33:23.070989,4,null,null,null,null
680,87,2,3,250.00,750.00,cash,2026-03-26 16:38:14.088706,7,null,null,null,null
682,50,1,1,400.00,400.00,cash,2026-03-26 16:39:26.124471,4,null,null,null,null
684,78,1,28,100.00,2800.00,cash,2026-03-27 09:44:55.203536,1,null,null,null,null
686,51,2,1,500.00,500.00,mobile,2026-03-27 16:05:05.479831,4,null,null,null,null
688,94,1,1,400.00,400.00,cash,2026-03-27 16:06:17.026218,4,null,null,null,null
689,80,1,2,550.00,1100.00,mobile,2026-03-27 16:06:49.880664,4,null,null,null,null
691,94,1,1,400.00,400.00,cash,2026-03-27 16:07:54.907579,7,null,null,null,null
694,89,1,1,400.00,400.00,mobile,2026-03-28 16:02:19.610005,4,null,null,null,null
696,96,2,1,500.00,500.00,cash,2026-03-28 16:29:38.364419,4,null,null,null,null
698,78,1,1,100.00,100.00,cash,2026-03-28 16:47:23.736543,5,null,null,null,null
700,83,1,1,600.00,600.00,cash,2026-03-28 16:48:34.568815,5,null,null,null,null
702,89,1,1,400.00,400.00,mobile,2026-03-28 16:50:09.61532,5,null,null,null,null
704,81,2,1,500.00,500.00,cash,2026-03-29 16:17:49.865861,1,null,null,null,null
706,94,1,2,400.00,800.00,mobile,2026-03-29 16:30:21.130629,4,null,null,null,null
708,78,1,1,100.00,100.00,split,2026-03-29 16:44:44.937302,4,50.00,50.00,null,null
709,78,1,2,100.00,200.00,mobile,2026-03-29 16:45:58.065845,4,null,null,null,null
710,94,1,1,380.00,380.00,split,2026-03-29 16:47:14.542828,4,30.00,350.00,null,null
711,94,1,1,400.00,400.00,cash,2026-03-29 16:48:13.615644,4,null,null,null,null
712,86,1,1,600.00,600.00,mobile,2026-03-29 16:49:08.129029,4,null,null,null,null
713,90,1,1,200.00,200.00,mobile,2026-03-29 16:50:34.743872,5,null,null,null,null
356,50,1,1,370.00,370.00,mobile,2026-02-23 16:08:50.400679,5,null,null,null,null
330,50,1,1,350.00,350.00,split,2026-02-22 15:16:57.832642,4,50.00,300.00,null,null
372,96,1,2,500.00,1000.00,cash,2026-02-24 15:08:23.561876,4,null,null,null,null
332,72,1,1,500.00,500.00,mobile,2026-02-22 15:17:48.920685,4,null,null,null,null
377,90,1,1,180.00,180.00,cash,2026-02-24 16:11:33.092784,5,null,null,null,null
362,76,2,1,400.00,400.00,cash,2026-02-24 10:03:31.367051,1,null,null,null,null
383,55,1,1,500.00,500.00,mobile,2026-02-24 19:02:19.912297,1,null,null,null,null
336,55,1,1,700.00,700.00,mobile,2026-02-22 15:20:02.395899,4,null,null,null,null
388,94,1,1,400.00,400.00,split,2026-02-25 15:59:26.32527,4,100.00,300.00,null,null
338,78,1,1,100.00,100.00,mobile,2026-02-22 15:48:24.410978,5,null,null,null,null
389,84,1,1,400.00,400.00,mobile,2026-02-25 15:59:49.856175,4,null,null,null,null
396,50,1,1,400.00,400.00,cash,2026-02-25 16:09:23.529205,7,null,null,null,null
402,78,1,1,100.00,100.00,split,2026-02-26 16:26:47.562994,5,20.00,80.00,null,null
406,81,2,1,500.00,500.00,mobile,2026-02-26 16:29:29.059624,5,null,null,null,null
409,87,2,1,250.00,250.00,cash,2026-02-27 15:52:33.980253,4,null,null,null,null
417,90,1,2,175.00,350.00,cash,2026-02-27 15:56:36.005452,4,null,null,null,null
422,96,1,1,500.00,500.00,cash,2026-02-28 15:11:33.066635,4,null,null,null,null
427,83,1,1,700.00,700.00,cash,2026-02-28 16:02:54.482883,5,null,null,null,null
432,85,2,1,600.00,600.00,mobile,2026-02-28 16:25:33.706077,7,null,null,null,null
438,96,1,3,500.00,1500.00,mobile,2026-03-01 15:17:13.868082,1,null,null,null,null
350,55,1,1,600.00,600.00,mobile,2026-02-22 17:48:58.837559,5,null,null,null,null
351,78,1,55,100.00,5500.00,cash,2026-02-22 17:50:52.046536,1,null,null,null,null
443,96,2,1,500.00,500.00,mobile,2026-03-01 15:31:21.038913,5,null,null,null,null
448,85,2,1,650.00,650.00,cash,2026-03-01 15:35:50.086136,5,null,null,null,null
454,72,1,1,500.00,500.00,mobile,2026-03-01 15:41:54.612147,5,null,null,null,null
463,50,1,1,350.00,350.00,mobile,2026-03-01 15:47:22.271758,4,null,null,null,null
468,80,1,1,500.00,500.00,mobile,2026-03-01 15:49:15.206845,4,null,null,null,null
470,72,1,1,500.00,500.00,mobile,2026-03-01 15:49:55.19055,4,null,null,null,null
471,55,1,1,500.00,500.00,mobile,2026-03-01 15:50:30.297635,4,null,null,null,null
479,85,2,1,600.00,600.00,mobile,2026-03-02 14:07:36.966665,7,null,null,null,null
484,95,1,2,750.00,1500.00,cash,2026-03-02 16:25:40.743578,5,null,null,null,null
490,78,1,1,100.00,100.00,cash,2026-03-03 15:19:36.116986,4,null,null,null,null
495,76,2,1,380.00,380.00,mobile,2026-03-03 16:46:14.086571,5,null,null,null,null
500,80,1,1,600.00,600.00,mobile,2026-03-04 20:30:06.593732,1,null,null,null,null
510,56,1,1,300.00,300.00,cash,2026-03-06 17:27:36.3167,1,null,null,null,null
521,78,1,2,100.00,200.00,cash,2026-03-06 20:47:32.590315,1,null,null,null,null
528,89,1,1,350.00,350.00,cash,2026-03-07 16:04:46.684479,5,null,null,null,null
533,90,1,1,150.00,150.00,mobile,2026-03-08 08:27:35.217061,1,null,null,null,null
538,83,2,1,500.00,500.00,mobile,2026-03-08 16:34:52.266427,7,null,null,null,null
547,51,2,1,500.00,500.00,mobile,2026-03-08 16:37:37.870551,5,null,null,null,null
555,94,1,1,350.00,350.00,mobile,2026-03-10 16:04:34.539386,4,null,null,null,null
556,78,1,1,100.00,100.00,mobile,2026-03-10 16:04:50.160063,4,null,null,null,null
561,96,1,1,500.00,500.00,mobile,2026-03-11 15:52:08.175609,4,null,null,null,null
566,90,1,1,150.00,150.00,mobile,2026-03-12 15:56:33.57402,4,null,null,null,null
572,78,1,4,100.00,400.00,split,2026-03-13 16:27:18.01794,5,300.00,100.00,null,null
577,90,1,1,200.00,200.00,mobile,2026-03-14 16:02:41.935117,4,null,null,null,null
584,80,1,1,650.00,650.00,mobile,2026-03-14 17:00:49.054198,5,null,null,null,null
590,89,1,1,400.00,400.00,cash,2026-03-15 16:16:22.144708,4,null,null,null,null
593,96,1,1,500.00,500.00,cash,2026-03-15 16:17:03.160438,4,null,null,null,null
598,96,1,1,500.00,500.00,mobile,2026-03-15 16:57:06.329504,1,null,null,null,null
603,76,2,1,400.00,400.00,cash,2026-03-15 17:24:30.746562,5,null,null,null,null
608,84,2,1,400.00,400.00,cash,2026-03-15 17:32:20.549076,7,null,null,null,null
614,78,1,2,100.00,200.00,mobile,2026-03-16 16:41:42.782474,5,null,null,null,null
621,96,2,1,500.00,500.00,mobile,2026-03-16 16:52:01.54878,4,null,null,null,null
626,90,1,1,150.00,150.00,cash,2026-03-17 15:52:36.541223,7,null,null,null,null
631,81,2,2,450.00,900.00,cash,2026-03-18 16:37:13.301246,5,null,null,null,null
636,81,2,1,500.00,500.00,mobile,2026-03-20 16:38:48.229888,7,null,null,null,null
641,59,1,1,450.00,450.00,mobile,2026-03-21 15:57:21.689291,4,null,null,null,null
645,96,1,1,500.00,500.00,cash,2026-03-21 15:59:15.082791,4,null,null,null,null
648,80,1,1,600.00,600.00,mobile,2026-03-22 16:46:55.895234,4,null,null,null,null
650,90,1,1,150.00,150.00,mobile,2026-03-22 16:49:04.267769,4,null,null,null,null
652,94,1,3,417.00,1251.00,cash,2026-03-22 17:04:41.507412,1,null,null,null,null
654,84,1,1,400.00,400.00,mobile,2026-03-22 17:05:53.188409,1,null,null,null,null
655,82,1,1,400.00,400.00,cash,2026-03-22 17:06:37.200436,4,null,null,null,null
656,80,1,3,600.00,1800.00,mobile,2026-03-22 17:06:37.936889,1,null,null,null,null
658,82,1,3,417.00,1251.00,mobile,2026-03-22 17:07:27.974258,1,null,null,null,null
661,83,1,1,450.00,450.00,mobile,2026-03-22 17:09:18.791804,1,null,null,null,null
662,50,1,2,400.00,800.00,mobile,2026-03-22 17:10:21.523322,1,null,null,null,null
663,76,2,1,400.00,400.00,cash,2026-03-23 09:29:57.325058,5,null,null,null,null
665,87,2,2,250.00,500.00,split,2026-03-23 09:32:40.965591,5,300.00,200.00,null,null
666,72,2,1,500.00,500.00,cash,2026-03-23 09:33:10.322603,5,null,null,null,null
670,76,2,1,400.00,400.00,cash,2026-03-23 16:04:09.730796,7,null,null,null,null
672,94,1,1,450.00,450.00,cash,2026-03-24 16:02:48.769995,4,null,null,null,null
673,56,1,1,300.00,300.00,mobile,2026-03-24 16:03:27.154963,4,null,null,null,null
675,78,1,1,100.00,100.00,mobile,2026-03-24 16:41:13.214834,7,null,null,null,null
677,94,1,1,400.00,400.00,cash,2026-03-25 16:33:06.979646,4,null,null,null,null
679,56,2,1,350.00,350.00,mobile,2026-03-25 16:38:26.771012,7,null,null,null,null
681,68,1,3,216.67,650.01,cash,2026-03-26 16:38:59.484897,4,null,null,null,null
683,78,1,1,100.00,100.00,mobile,2026-03-26 18:32:54.766245,5,null,null,null,null
685,78,1,8,100.00,800.00,cash,2026-03-27 09:45:27.005408,1,null,null,null,null
687,76,2,1,400.00,400.00,mobile,2026-03-27 16:05:48.924657,4,null,null,null,null
690,51,2,1,500.00,500.00,cash,2026-03-27 16:07:40.439918,7,null,null,null,null
692,82,1,1,500.00,500.00,mobile,2026-03-27 16:08:31.970903,7,null,null,null,null
693,78,1,3,100.00,300.00,cash,2026-03-28 16:01:54.0148,4,null,null,null,null
695,87,2,1,300.00,300.00,mobile,2026-03-28 16:28:37.344471,7,null,null,null,null
697,81,2,1,500.00,500.00,mobile,2026-03-28 16:30:40.53083,4,null,null,null,null
699,97,1,1,550.00,550.00,cash,2026-03-28 16:48:01.736659,4,null,null,null,null
701,85,1,2,600.00,1200.00,cash,2026-03-28 16:49:19.483874,5,null,null,null,null
703,76,2,1,400.00,400.00,mobile,2026-03-28 17:01:55.020655,5,null,null,null,null
705,80,1,1,550.00,550.00,cash,2026-03-29 16:18:46.0393,1,null,null,null,null
707,95,1,1,750.00,750.00,split,2026-03-29 16:30:55.627305,4,50.00,700.00,null,null
714,89,1,1,400.00,400.00,cash,2026-03-29 16:51:11.953002,5,null,null,null,null
715,89,1,1,400.00,400.00,mobile,2026-03-29 16:51:40.715774,5,null,null,null,null
716,90,1,1,150.00,150.00,split,2026-03-29 16:52:23.830769,5,50.00,100.00,null,null
717,91,2,1,500.00,500.00,mobile,2026-03-29 16:53:33.895408,5,null,null,null,null
718,81,2,1,500.00,500.00,cash,2026-03-29 16:54:56.185522,5,null,null,null,null
719,86,2,1,600.00,600.00,mobile,2026-03-29 16:56:17.956501,5,null,null,null,null
720,90,1,1,150.00,150.00,mobile,2026-03-29 16:59:03.12239,5,null,null,null,null
721,56,1,2,300.00,600.00,mobile,2026-03-30 16:57:47.087598,4,null,null,null,null
722,84,1,1,350.00,350.00,mobile,2026-03-30 16:58:22.065594,4,null,null,null,null
723,82,1,1,500.00,500.00,mobile,2026-03-30 17:23:23.069779,5,null,null,null,null
724,84,1,1,400.00,400.00,mobile,2026-03-30 17:23:49.503136,5,null,null,null,null
725,89,1,1,400.00,400.00,mobile,2026-03-30 17:24:11.760178,5,null,null,null,null
726,94,1,1,400.00,400.00,mobile,2026-03-30 17:41:52.604242,1,null,null,null,null
727,85,2,1,600.00,600.00,cash,2026-03-31 17:00:28.202207,5,null,null,null,null
728,76,2,1,400.00,400.00,mobile,2026-03-31 17:01:00.621984,5,null,null,null,null
731,90,1,3,150.00,450.00,mobile,2026-03-31 18:54:34.85604,5,null,null,null,null
732,56,1,2,300.00,600.00,cash,2026-03-31 18:55:23.605328,5,null,null,null,null
733,97,1,2,600.00,1200.00,cash,2026-03-31 18:55:54.871667,1,null,null,null,null
734,88,1,1,500.00,500.00,mobile,2026-03-31 18:57:11.518523,5,null,null,null,null
736,96,1,3,500.00,1500.00,cash,2026-03-31 18:58:45.187344,1,null,null,null,null
737,90,1,1,150.00,150.00,cash,2026-03-31 18:59:18.742393,1,null,null,null,null
738,94,1,1,400.00,400.00,cash,2026-03-31 18:59:46.385384,1,null,null,null,null
739,83,1,1,700.00,700.00,cash,2026-03-31 19:00:27.714407,1,null,null,null,null
740,78,1,1,100.00,100.00,cash,2026-03-31 19:00:55.446374,1,null,null,null,null
741,72,1,1,500.00,500.00,cash,2026-03-31 19:01:23.934961,1,null,null,null,null
742,85,1,2,600.00,1200.00,cash,2026-03-31 19:07:02.370079,7,null,null,null,null
743,96,1,2,500.00,1000.00,cash,2026-03-31 19:07:32.559339,7,null,null,null,null
744,87,2,1,300.00,300.00,cash,2026-03-31 19:08:21.422484,4,null,null,null,null
745,78,1,1,100.00,100.00,cash,2026-03-31 19:08:55.917474,4,null,null,null,null
746,59,1,1,500.00,500.00,cash,2026-03-31 19:09:28.11459,4,null,null,null,null
747,76,2,1,400.00,400.00,cash,2026-03-31 19:09:51.237705,4,null,null,null,null
748,82,1,1,450.00,450.00,mobile,2026-03-31 19:20:30.496583,5,null,null,null,null
749,96,1,2,500.00,1000.00,cash,2026-03-31 19:26:46.141069,4,null,null,null,null
750,94,1,3,400.00,1200.00,split,2026-03-31 19:55:12.913288,7,1000.00,200.00,null,null
751,88,1,1,450.00,450.00,split,2026-04-01 15:56:05.641433,4,50.00,400.00,null,null
752,59,1,1,500.00,500.00,cash,2026-04-01 15:56:37.890665,4,null,null,null,null
753,96,1,1,500.00,500.00,cash,2026-04-01 15:56:59.007603,4,null,null,null,null
754,76,2,1,400.00,400.00,mobile,2026-04-01 16:09:49.637295,7,null,null,null,null
755,85,2,1,600.00,600.00,mobile,2026-04-01 16:10:48.925173,7,null,null,null,null
756,59,2,1,500.00,500.00,cash,2026-04-01 16:11:41.411772,7,null,null,null,null
757,56,2,1,300.00,300.00,cash,2026-04-01 16:12:06.941483,7,null,null,null,null
758,89,1,1,400.00,400.00,mobile,2026-04-01 16:31:44.586615,5,null,null,null,null
759,50,1,2,400.00,800.00,mobile,2026-04-01 16:32:37.992486,5,null,null,null,null
760,76,2,1,400.00,400.00,mobile,2026-04-01 16:33:36.880694,5,null,null,null,null
761,80,1,1,600.00,600.00,cash,2026-04-01 16:33:42.084138,7,null,null,null,null
762,82,1,1,500.00,500.00,cash,2026-04-01 16:34:34.318394,7,null,null,null,null
763,78,1,1,100.00,100.00,mobile,2026-04-01 16:35:08.94594,7,null,null,null,null
764,97,1,1,600.00,600.00,cash,2026-04-01 16:35:44.795178,7,null,null,null,null
765,80,1,1,550.00,550.00,mobile,2026-04-01 16:36:15.712711,5,null,null,null,null
766,56,2,2,350.00,700.00,mobile,2026-04-02 12:26:23.577231,7,null,null,null,null
767,87,2,2,300.00,600.00,cash,2026-04-02 12:26:51.53165,7,null,null,null,null
768,72,2,1,500.00,500.00,cash,2026-04-02 12:27:20.920486,7,null,null,null,null
769,96,1,4,500.00,2000.00,cash,2026-04-02 12:27:25.224542,1,null,null,null,null
770,76,2,1,400.00,400.00,mobile,2026-04-02 12:27:54.122937,7,null,null,null,null
771,90,1,1,150.00,150.00,cash,2026-04-02 12:28:16.335754,1,null,null,null,null
772,81,2,1,550.00,550.00,cash,2026-04-02 12:29:32.627357,1,null,null,null,null
773,87,2,1,230.00,230.00,mobile,2026-04-02 12:31:41.282686,1,null,null,null,null
774,87,2,1,250.00,250.00,cash,2026-04-02 12:34:18.499964,5,null,null,null,null
775,80,1,4,600.00,2400.00,cash,2026-04-02 12:37:33.841212,1,null,null,null,null
776,80,1,1,500.00,500.00,cash,2026-04-02 12:38:16.090125,1,null,null,null,null
777,86,1,1,600.00,600.00,cash,2026-04-02 12:38:58.333993,1,null,null,null,null
778,85,1,2,625.00,1250.00,cash,2026-04-02 12:42:01.634417,4,null,null,null,null
779,98,1,1,350.00,350.00,cash,2026-04-02 12:42:28.269859,4,null,null,null,null
780,59,1,4,500.00,2000.00,cash,2026-04-02 12:42:56.495066,4,null,null,null,null
781,80,1,1,600.00,600.00,cash,2026-04-02 12:43:25.353577,4,null,null,null,null
782,72,1,1,500.00,500.00,cash,2026-04-02 12:43:48.181265,4,null,null,null,null
783,86,1,1,600.00,600.00,cash,2026-04-02 12:44:16.444441,4,null,null,null,null
784,82,1,1,450.00,450.00,mobile,2026-04-02 12:44:47.716432,4,null,null,null,null
785,96,1,4,500.00,2000.00,cash,2026-04-02 12:45:06.729565,4,null,null,null,null
786,68,1,2,225.00,450.00,cash,2026-04-02 12:45:32.262751,4,null,null,null,null
787,96,1,1,500.00,500.00,cash,2026-04-02 12:47:57.769701,7,null,null,null,null
788,80,1,1,650.00,650.00,mobile,2026-04-02 12:48:53.696203,7,null,null,null,null
789,94,1,1,400.00,400.00,mobile,2026-04-02 12:49:25.303955,7,null,null,null,null
790,97,1,1,500.00,500.00,cash,2026-04-02 12:50:33.279942,7,null,null,null,null
791,87,2,1,300.00,300.00,cash,2026-04-02 12:50:59.385931,5,null,null,null,null
792,76,2,1,400.00,400.00,cash,2026-04-02 12:51:22.379522,5,null,null,null,null
793,97,1,1,550.00,550.00,split,2026-04-02 12:51:28.70873,7,100.00,450.00,null,null
794,79,2,1,300.00,300.00,cash,2026-04-02 12:52:05.341953,5,null,null,null,null
795,78,1,2,100.00,200.00,cash,2026-04-02 12:52:53.617711,5,null,null,null,null
796,85,1,1,600.00,600.00,cash,2026-04-02 12:53:16.37638,4,null,null,null,null
797,90,1,1,150.00,150.00,cash,2026-04-02 12:53:39.009538,5,null,null,null,null
798,90,1,1,150.00,150.00,cash,2026-04-02 12:56:19.216029,7,null,null,null,null
800,83,2,1,500.00,500.00,cash,2026-04-02 16:39:47.426492,5,null,null,null,null
801,88,1,1,500.00,500.00,cash,2026-04-02 16:41:23.530895,5,null,null,null,null
802,96,1,1,500.00,500.00,cash,2026-04-03 14:33:41.157595,4,null,null,null,null
803,50,1,1,400.00,400.00,mobile,2026-04-03 14:34:05.319571,4,null,null,null,null
804,56,1,1,300.00,300.00,mobile,2026-04-03 14:34:27.106242,4,null,null,null,null
805,94,1,2,500.00,1000.00,mobile,2026-04-03 14:34:48.807899,4,null,null,null,null
806,98,1,1,350.00,350.00,mobile,2026-04-03 14:35:58.325446,4,null,null,null,null
807,72,1,1,450.00,450.00,cash,2026-04-03 14:36:22.267045,4,null,null,null,null
808,96,1,1,500.00,500.00,cash,2026-04-03 14:36:40.355577,4,null,null,null,null
809,80,1,1,600.00,600.00,split,2026-04-03 14:37:26.208437,4,50.00,550.00,null,null
810,83,1,1,600.00,600.00,mobile,2026-04-03 14:37:52.284261,4,null,null,null,null
811,96,2,2,500.00,1000.00,mobile,2026-04-03 19:04:09.427807,4,null,null,null,null
812,94,1,1,380.00,380.00,mobile,2026-04-04 16:11:24.792448,4,null,null,null,null
813,56,1,1,350.00,350.00,mobile,2026-04-04 16:12:26.115468,4,null,null,null,null
814,56,1,2,300.00,600.00,mobile,2026-04-04 16:12:51.615769,4,null,null,null,null
815,78,1,2,100.00,200.00,cash,2026-04-04 16:27:34.605977,5,null,null,null,null
816,94,1,1,400.00,400.00,mobile,2026-04-04 16:28:09.866509,5,null,null,null,null
817,90,1,1,150.00,150.00,mobile,2026-04-04 16:28:40.63094,5,null,null,null,null
818,96,1,1,500.00,500.00,cash,2026-04-04 16:29:41.861503,5,null,null,null,null
819,97,1,1,480.00,480.00,split,2026-04-04 16:31:50.562657,5,410.00,70.00,null,null
820,94,1,1,400.00,400.00,cash,2026-04-04 16:35:16.087939,7,null,null,null,null
821,88,1,1,500.00,500.00,mobile,2026-04-04 16:36:34.943345,7,null,null,null,null
822,76,2,1,400.00,400.00,cash,2026-04-05 07:14:04.659432,7,null,null,null,null
823,96,1,2,500.00,1000.00,mobile,2026-04-05 13:23:53.40283,1,null,null,null,null
824,87,2,1,200.00,200.00,mobile,2026-04-05 13:25:06.25899,1,null,null,null,null
825,59,1,1,500.00,500.00,cash,2026-04-05 13:25:50.487328,1,null,null,null,null
826,56,1,2,325.00,650.00,cash,2026-04-05 13:31:59.339609,1,null,null,null,null
827,56,1,1,350.00,350.00,mobile,2026-04-05 13:32:32.363353,1,null,null,null,null
828,81,2,2,500.00,1000.00,mobile,2026-04-05 13:34:17.874348,1,null,null,null,null
829,85,1,1,650.00,650.00,cash,2026-04-05 13:35:32.456929,1,null,null,null,null
830,80,1,1,650.00,650.00,mobile,2026-04-05 15:02:30.701409,1,null,null,null,null
831,98,1,2,350.00,700.00,cash,2026-04-05 15:29:33.747051,5,null,null,null,null
832,98,1,1,300.00,300.00,cash,2026-04-05 15:29:52.435746,5,null,null,null,null
833,82,1,1,500.00,500.00,mobile,2026-04-05 15:31:06.421104,5,null,null,null,null
834,82,1,1,450.00,450.00,mobile,2026-04-05 15:31:30.533042,5,null,null,null,null
835,96,1,1,500.00,500.00,cash,2026-04-05 15:31:49.328434,5,null,null,null,null
836,80,1,2,600.00,1200.00,mobile,2026-04-05 15:33:46.589077,5,null,null,null,null
837,84,1,2,400.00,800.00,mobile,2026-04-05 15:34:27.252796,5,null,null,null,null
838,51,2,1,550.00,550.00,mobile,2026-04-05 15:36:28.490589,5,null,null,null,null
839,51,2,1,500.00,500.00,mobile,2026-04-05 15:37:19.650414,5,null,null,null,null
840,94,2,1,300.00,300.00,mobile,2026-04-05 16:15:15.412957,1,null,null,null,null
841,90,1,1,150.00,150.00,split,2026-04-05 16:37:56.815209,4,110.00,40.00,null,null
842,90,1,1,150.00,150.00,cash,2026-04-05 16:38:50.428279,4,null,null,null,null
843,88,1,1,450.00,450.00,split,2026-04-05 16:39:31.838518,4,50.00,400.00,null,null
844,78,1,4,100.00,400.00,cash,2026-04-05 16:39:56.8557,4,null,null,null,null
845,72,1,1,450.00,450.00,split,2026-04-05 16:40:30.139904,4,50.00,400.00,null,null
846,89,1,1,430.00,430.00,mobile,2026-04-05 16:41:32.330985,4,null,null,null,null
847,94,1,2,400.00,800.00,mobile,2026-04-05 16:41:54.148371,4,null,null,null,null
848,94,1,2,375.00,750.00,mobile,2026-04-05 16:42:26.270339,4,null,null,null,null
849,96,1,1,500.00,500.00,mobile,2026-04-05 16:56:57.426332,1,null,null,null,null
850,55,1,1,430.00,430.00,mobile,2026-04-05 17:02:36.120842,5,null,null,null,null
851,82,1,1,500.00,500.00,mobile,2026-04-05 17:03:00.92901,5,null,null,null,null
852,76,2,1,380.00,380.00,cash,2026-04-05 17:03:42.729172,4,null,null,null,null
853,94,1,1,400.00,400.00,cash,2026-04-06 15:52:31.450789,4,null,null,null,null
854,83,1,1,580.00,580.00,mobile,2026-04-06 15:53:10.669012,4,null,null,null,null
855,90,1,2,150.00,300.00,mobile,2026-04-06 15:53:32.68401,4,null,null,null,null
856,55,1,1,400.00,400.00,mobile,2026-04-06 15:54:16.413398,4,null,null,null,null
857,89,1,1,400.00,400.00,mobile,2026-04-06 15:54:40.174222,4,null,null,null,null
858,89,1,1,400.00,400.00,mobile,2026-04-06 15:55:02.114672,4,null,null,null,null
859,96,1,1,500.00,500.00,mobile,2026-04-06 15:55:23.53726,4,null,null,null,null
860,96,1,1,500.00,500.00,mobile,2026-04-07 16:33:41.693437,5,null,null,null,null
861,50,1,2,400.00,800.00,mobile,2026-04-08 15:46:42.64597,4,null,null,null,null
862,78,1,2,100.00,200.00,cash,2026-04-08 15:47:08.110479,4,null,null,null,null
863,50,1,1,350.00,350.00,cash,2026-04-08 15:48:34.907016,4,null,null,null,null
864,55,1,1,500.00,500.00,cash,2026-04-08 15:48:57.576179,4,null,null,null,null
865,94,1,1,400.00,400.00,mobile,2026-04-08 15:49:20.664791,4,null,null,null,null
866,55,1,2,500.00,1000.00,mobile,2026-04-08 15:58:50.170238,7,null,null,null,null
867,88,1,1,500.00,500.00,cash,2026-04-08 15:59:16.803189,5,null,null,null,null
868,80,1,1,600.00,600.00,mobile,2026-04-09 15:53:28.633839,4,null,null,null,null
869,84,1,1,400.00,400.00,mobile,2026-04-09 15:53:48.071969,4,null,null,null,null
870,96,1,1,500.00,500.00,mobile,2026-04-09 16:47:56.612695,4,null,null,null,null
871,84,1,1,350.00,350.00,mobile,2026-04-09 16:48:43.016277,5,null,null,null,null
872,76,2,1,430.00,430.00,mobile,2026-04-09 16:50:36.150129,7,null,null,null,null
873,51,2,1,500.00,500.00,mobile,2026-04-09 17:00:58.451174,4,null,null,null,null
874,56,2,1,300.00,300.00,mobile,2026-04-09 17:02:02.153334,1,null,null,null,null
875,84,2,1,400.00,400.00,cash,2026-04-09 17:02:48.511211,5,null,null,null,null
876,50,1,2,375.00,750.00,mobile,2026-04-10 15:27:29.744376,4,null,null,null,null
877,82,1,2,500.00,1000.00,mobile,2026-04-10 15:27:49.164251,4,null,null,null,null
878,80,1,1,550.00,550.00,mobile,2026-04-10 15:28:13.799301,4,null,null,null,null
879,94,1,2,400.00,800.00,mobile,2026-04-10 15:28:48.23165,4,null,null,null,null
880,90,1,1,150.00,150.00,mobile,2026-04-10 15:29:19.233198,4,null,null,null,null
881,96,1,1,480.00,480.00,mobile,2026-04-10 16:57:56.698969,5,null,null,null,null
882,81,2,1,500.00,500.00,mobile,2026-04-10 17:00:59.681199,4,null,null,null,null
883,88,1,1,450.00,450.00,cash,2026-04-10 17:03:19.836498,7,null,null,null,null
885,98,1,2,350.00,700.00,mobile,2026-04-10 17:38:17.245996,5,null,null,null,null
886,88,1,1,500.00,500.00,mobile,2026-04-10 17:39:04.514845,1,null,null,null,null
887,76,2,4,375.00,1500.00,mobile,2026-04-10 17:40:30.337958,1,null,null,null,null
884,69,1,2,225.00,450.00,mobile,2026-04-10 17:37:36.573187,1,null,null,null,null
888,69,1,1,250.00,250.00,mobile,2026-04-10 17:42:46.21567,1,null,null,null,null
889,98,1,2,350.00,700.00,credit,2026-04-11 15:48:02.014418,1,null,null,null,null
890,97,1,1,500.00,500.00,credit,2026-04-11 15:48:43.759292,1,null,null,null,null
891,94,1,1,400.00,400.00,credit,2026-04-11 15:49:40.638767,1,null,null,null,null
892,93,1,1,400.00,400.00,credit,2026-04-11 15:50:18.386387,1,null,null,null,null
893,80,1,1,600.00,600.00,credit,2026-04-11 15:51:12.759036,1,null,null,null,null
418,82,1,4,500.00,2000.00,credit,2026-02-28 10:03:41.870414,1,null,null,null,null
894,90,1,2,150.00,300.00,mobile,2026-04-11 15:53:52.462881,4,null,null,null,null
799,88,1,3,500.00,1500.00,credit,2026-04-02 13:49:01.330402,5,null,null,null,null
895,82,1,1,500.00,500.00,cash,2026-04-11 15:54:23.404854,4,null,null,null,null
896,94,1,1,500.00,500.00,mobile,2026-04-11 15:54:46.359124,4,null,null,null,null
898,85,1,1,600.00,600.00,split,2026-04-11 15:55:48.431791,4,450.00,150.00,null,null
223,69,1,1,250.00,250.00,credit,2026-02-14 10:10:17.542532,1,null,null,null,null
897,94,1,1,380.00,380.00,cash,2026-04-11 15:55:12.694732,4,null,null,null,null
899,76,2,1,400.00,400.00,cash,2026-04-11 16:23:43.839016,7,null,null,null,null
900,76,2,1,400.00,400.00,cash,2026-04-11 16:24:31.259197,4,null,null,null,null
901,87,2,1,250.00,250.00,mobile,2026-04-11 16:24:55.671915,4,null,null,null,null
902,96,2,1,500.00,500.00,mobile,2026-04-11 16:25:48.588924,7,null,null,null,null
903,59,1,1,450.00,450.00,mobile,2026-04-11 16:26:33.083119,7,null,null,null,null
904,98,1,1,300.00,300.00,mobile,2026-04-12 11:38:27.065465,1,null,null,null,null
905,90,1,1,150.00,150.00,mobile,2026-04-12 11:39:45.139115,1,null,null,null,null
906,82,1,2,400.00,800.00,mobile,2026-04-12 11:40:31.277115,1,null,null,null,null
907,81,2,1,500.00,500.00,mobile,2026-04-12 11:41:13.495368,1,null,null,null,null
908,80,1,1,500.00,500.00,mobile,2026-04-12 11:42:00.441848,1,null,null,null,null
909,76,2,2,400.00,800.00,mobile,2026-04-12 11:42:47.127427,1,null,null,null,null
910,79,2,3,300.00,900.00,mobile,2026-04-12 16:07:43.948669,5,null,null,null,null
911,87,2,1,250.00,250.00,mobile,2026-04-12 16:08:16.871084,5,null,null,null,null
912,96,2,1,500.00,500.00,mobile,2026-04-12 16:08:48.497311,5,null,null,null,null
913,66,1,1,1100.00,1100.00,split,2026-04-12 16:12:07.307235,5,700.00,400.00,null,null
914,88,1,1,500.00,500.00,mobile,2026-04-12 16:12:35.993553,5,null,null,null,null
915,50,1,2,350.00,700.00,mobile,2026-04-12 16:13:17.997851,5,null,null,null,null
916,90,1,2,150.00,300.00,mobile,2026-04-12 16:13:49.274185,5,null,null,null,null
917,94,1,1,450.00,450.00,mobile,2026-04-12 16:15:26.281997,4,null,null,null,null
918,86,1,1,600.00,600.00,split,2026-04-12 16:15:48.955662,4,500.00,100.00,null,null
919,59,1,1,500.00,500.00,cash,2026-04-12 16:16:06.12451,4,null,null,null,null
920,72,1,1,450.00,450.00,split,2026-04-12 16:16:33.56934,4,50.00,400.00,null,null
921,90,1,2,150.00,300.00,mobile,2026-04-12 16:30:42.716067,4,null,null,null,null
922,50,1,1,400.00,400.00,mobile,2026-04-12 16:31:03.545319,7,null,null,null,null
923,80,1,1,550.00,550.00,mobile,2026-04-12 19:52:53.889434,1,null,null,null,null
924,55,1,1,450.00,450.00,mobile,2026-04-13 15:49:23.849697,4,null,null,null,null
925,96,1,1,500.00,500.00,mobile,2026-04-13 15:49:58.108995,4,null,null,null,null
926,97,1,1,500.00,500.00,cash,2026-04-13 15:50:24.864663,4,null,null,null,null
927,80,1,1,550.00,550.00,cash,2026-04-13 15:50:54.098511,4,null,null,null,null
928,94,1,1,400.00,400.00,cash,2026-04-13 15:51:19.187567,4,null,null,null,null
929,88,1,1,500.00,500.00,mobile,2026-04-13 15:51:50.267136,4,null,null,null,null
930,68,1,1,250.00,250.00,cash,2026-04-13 15:52:51.633726,7,null,null,null,null
931,85,1,1,600.00,600.00,mobile,2026-04-13 16:14:45.841632,7,null,null,null,null
932,96,1,1,500.00,500.00,cash,2026-04-13 16:37:35.603552,4,null,null,null,null
933,51,2,1,450.00,450.00,mobile,2026-04-13 16:45:26.31536,7,null,null,null,null
934,94,2,1,400.00,400.00,cash,2026-04-13 16:46:07.193462,4,null,null,null,null
935,65,1,3,750.00,2250.00,mobile,2026-04-14 16:29:07.54258,7,null,null,null,null
936,96,1,1,500.00,500.00,mobile,2026-04-14 16:29:28.717234,5,null,null,null,null
937,68,1,2,225.00,450.00,mobile,2026-04-14 16:29:56.122915,7,null,null,null,null
938,94,1,2,375.00,750.00,cash,2026-04-14 16:30:21.113651,7,null,null,null,null
939,87,2,2,300.00,600.00,mobile,2026-04-14 16:30:25.046109,7,null,null,null,null
940,96,1,2,500.00,1000.00,mobile,2026-04-14 16:31:38.375533,5,null,null,null,null
941,94,1,1,400.00,400.00,mobile,2026-04-14 16:32:02.379831,5,null,null,null,null
942,90,1,2,150.00,300.00,cash,2026-04-14 16:33:27.130336,5,null,null,null,null
943,79,2,1,200.00,200.00,cash,2026-04-14 16:33:56.185207,7,null,null,null,null
944,86,2,1,600.00,600.00,split,2026-04-14 16:34:49.241954,4,450.00,150.00,null,null
945,88,1,1,500.00,500.00,mobile,2026-04-15 16:27:20.747178,1,null,null,null,null
946,84,1,2,400.00,800.00,mobile,2026-04-15 16:28:07.495767,1,null,null,null,null
947,80,1,1,600.00,600.00,mobile,2026-04-15 16:29:01.241004,1,null,null,null,null
948,94,1,1,470.00,470.00,mobile,2026-04-15 17:56:23.982769,4,null,null,null,null
949,78,1,2,100.00,200.00,cash,2026-04-15 17:56:40.550318,4,null,null,null,null
950,80,1,1,600.00,600.00,cash,2026-04-15 17:57:04.965114,7,null,null,null,null
951,76,2,1,400.00,400.00,cash,2026-04-15 18:47:21.563406,5,null,null,null,null
952,87,2,3,250.00,750.00,cash,2026-04-16 20:27:43.026788,5,null,null,null,null
953,88,1,1,450.00,450.00,mobile,2026-04-17 16:31:36.889193,4,null,null,null,null
954,90,1,1,150.00,150.00,mobile,2026-04-17 16:31:58.872364,4,null,null,null,null
955,78,1,2,150.00,300.00,mobile,2026-04-17 16:32:29.880652,4,null,null,null,null
956,84,1,2,375.00,750.00,mobile,2026-04-17 16:33:02.244555,4,null,null,null,null
957,98,1,1,300.00,300.00,mobile,2026-04-17 16:33:23.806836,4,null,null,null,null
958,94,1,2,400.00,800.00,mobile,2026-04-17 16:40:41.608185,7,null,null,null,null
959,50,1,2,375.00,750.00,cash,2026-04-18 16:14:13.906007,4,null,null,null,null
960,50,1,1,400.00,400.00,mobile,2026-04-18 16:14:38.47031,4,null,null,null,null
961,84,1,1,350.00,350.00,mobile,2026-04-18 16:15:11.860854,4,null,null,null,null
962,90,1,1,150.00,150.00,mobile,2026-04-18 16:26:48.057811,5,null,null,null,null
963,89,1,1,400.00,400.00,cash,2026-04-18 16:27:30.58726,4,null,null,null,null
964,89,1,1,400.00,400.00,mobile,2026-04-18 16:28:49.501067,7,null,null,null,null
965,86,2,1,600.00,600.00,cash,2026-04-18 16:30:19.379286,7,null,null,null,null
966,60,2,1,450.00,450.00,mobile,2026-04-18 16:30:52.338764,7,null,null,null,null
967,87,2,1,250.00,250.00,mobile,2026-04-18 16:31:11.984223,7,null,null,null,null
968,79,2,1,200.00,200.00,cash,2026-04-18 16:31:37.557812,4,null,null,null,null
969,96,2,1,500.00,500.00,mobile,2026-04-18 16:31:54.770602,7,null,null,null,null
970,82,1,2,450.00,900.00,mobile,2026-04-18 18:52:28.679345,1,null,null,null,null
971,94,1,1,400.00,400.00,cash,2026-04-18 18:53:28.112721,1,null,null,null,null
972,90,1,1,100.00,100.00,cash,2026-04-18 18:55:17.471602,1,null,null,null,null
973,59,1,1,550.00,550.00,mobile,2026-04-19 14:03:54.763595,1,null,null,null,null
974,56,2,1,300.00,300.00,mobile,2026-04-19 14:04:46.145376,1,null,null,null,null
975,94,1,1,400.00,400.00,cash,2026-04-19 15:54:59.000271,4,null,null,null,null
976,88,1,1,470.00,470.00,mobile,2026-04-19 15:55:37.291336,4,null,null,null,null
977,78,1,10,60.00,600.00,cash,2026-04-19 15:56:14.377494,4,null,null,null,null
978,65,1,2,825.00,1650.00,mobile,2026-04-19 15:57:04.95924,4,null,null,null,null
979,72,1,1,500.00,500.00,cash,2026-04-19 15:57:34.621648,7,null,null,null,null
980,50,1,1,350.00,350.00,mobile,2026-04-19 15:58:09.198419,7,null,null,null,null
981,89,1,1,400.00,400.00,mobile,2026-04-19 15:58:39.408648,7,null,null,null,null
982,94,1,1,400.00,400.00,cash,2026-04-19 15:59:08.850012,7,null,null,null,null
983,76,2,1,350.00,350.00,split,2026-04-19 15:59:46.246263,4,200.00,150.00,null,null
984,59,1,1,450.00,450.00,cash,2026-04-19 15:59:51.814287,7,null,null,null,null
985,81,2,1,480.00,480.00,cash,2026-04-19 16:01:16.079939,7,null,null,null,null
986,51,2,1,450.00,450.00,mobile,2026-04-19 16:17:50.318964,5,null,null,null,null
987,76,2,1,400.00,400.00,mobile,2026-04-19 16:18:20.20583,5,null,null,null,null
988,87,2,1,300.00,300.00,mobile,2026-04-19 16:18:47.087804,5,null,null,null,null
989,94,1,1,350.00,350.00,mobile,2026-04-19 16:18:56.433407,4,null,null,null,null
990,78,1,1,100.00,100.00,cash,2026-04-20 14:46:50.765205,4,null,null,null,null
991,88,1,1,450.00,450.00,mobile,2026-04-20 14:47:19.693753,4,null,null,null,null
992,94,1,2,375.00,750.00,cash,2026-04-20 14:47:42.820855,4,null,null,null,null
993,84,1,1,370.00,370.00,mobile,2026-04-20 16:05:59.785719,5,null,null,null,null
994,79,2,1,300.00,300.00,mobile,2026-04-20 16:48:33.319848,5,null,null,null,null
995,96,2,1,500.00,500.00,mobile,2026-04-20 16:48:54.396849,5,null,null,null,null
996,65,1,1,800.00,800.00,cash,2026-04-21 16:30:58.81427,5,null,null,null,null
997,86,1,1,600.00,600.00,mobile,2026-04-22 16:01:12.952114,4,null,null,null,null
998,98,1,1,330.00,330.00,mobile,2026-04-22 16:02:03.013265,4,null,null,null,null
999,82,1,1,450.00,450.00,mobile,2026-04-22 16:02:27.446364,4,null,null,null,null
1000,78,1,2,100.00,200.00,mobile,2026-04-22 16:02:51.642224,4,null,null,null,null
1001,90,1,1,150.00,150.00,mobile,2026-04-22 16:03:22.105607,4,null,null,null,null
1002,88,1,1,430.00,430.00,mobile,2026-04-22 16:03:44.862221,4,null,null,null,null
1003,96,1,1,500.00,500.00,mobile,2026-04-22 16:04:07.253928,7,null,null,null,null
1004,50,1,1,350.00,350.00,cash,2026-04-22 16:04:44.393024,5,null,null,null,null
1005,96,1,1,500.00,500.00,mobile,2026-04-22 16:07:03.101342,7,null,null,null,null
1006,86,1,1,600.00,600.00,mobile,2026-04-22 16:07:32.862176,4,null,null,null,null
1007,96,1,1,500.00,500.00,mobile,2026-04-23 16:06:36.501999,4,null,null,null,null
1008,85,1,1,600.00,600.00,mobile,2026-04-23 16:07:11.403088,4,null,null,null,null
1009,82,1,1,500.00,500.00,mobile,2026-04-23 16:07:33.814258,7,null,null,null,null
1010,50,1,1,350.00,350.00,mobile,2026-04-23 16:07:59.550924,7,null,null,null,null
1011,96,1,1,500.00,500.00,cash,2026-04-23 16:08:29.435082,5,null,null,null,null
1012,96,1,1,500.00,500.00,cash,2026-04-23 16:27:38.78388,5,null,null,null,null
1013,78,1,1,100.00,100.00,cash,2026-04-24 16:03:26.926243,5,null,null,null,null
1014,78,1,1,100.00,100.00,cash,2026-04-24 16:03:55.435147,4,null,null,null,null
1015,82,1,2,450.00,900.00,mobile,2026-04-24 16:04:28.199548,4,null,null,null,null
1016,98,1,1,300.00,300.00,mobile,2026-04-24 16:05:00.057215,4,null,null,null,null
1017,50,1,2,375.00,750.00,mobile,2026-04-24 16:05:39.668944,4,null,null,null,null
1018,94,1,2,375.00,750.00,mobile,2026-04-24 16:07:38.768611,4,null,null,null,null
1019,89,1,1,350.00,350.00,cash,2026-04-24 16:08:22.901621,4,null,null,null,null
1020,96,1,1,500.00,500.00,mobile,2026-04-24 16:08:44.100219,4,null,null,null,null
1021,96,1,1,480.00,480.00,mobile,2026-04-24 16:32:59.260752,5,null,null,null,null
1022,87,2,1,300.00,300.00,mobile,2026-04-24 16:33:27.958495,7,null,null,null,null
1023,96,1,1,480.00,480.00,mobile,2026-04-24 16:33:59.006261,5,null,null,null,null
1024,50,1,2,350.00,700.00,cash,2026-04-24 16:37:02.501493,5,null,null,null,null
1025,81,2,1,400.00,400.00,mobile,2026-04-24 16:37:48.765871,5,null,null,null,null
1026,56,2,2,275.00,550.00,cash,2026-04-24 16:40:01.390581,7,null,null,null,null
1027,84,1,1,450.00,450.00,mobile,2026-04-25 15:59:31.760094,4,null,null,null,null
1028,94,1,1,400.00,400.00,cash,2026-04-25 16:00:49.723073,4,null,null,null,null
1029,93,1,1,370.00,370.00,cash,2026-04-25 16:01:16.885222,4,null,null,null,null
1030,90,1,1,150.00,150.00,cash,2026-04-25 16:01:37.52632,4,null,null,null,null
1031,78,1,1,100.00,100.00,cash,2026-04-25 16:02:08.871958,4,null,null,null,null
1032,65,1,3,850.00,2550.00,mobile,2026-04-25 16:02:31.697815,4,null,null,null,null
1033,76,2,1,350.00,350.00,cash,2026-04-25 16:20:18.832766,4,null,null,null,null
1034,84,1,3,366.70,1100.10,cash,2026-04-25 16:28:47.77452,7,null,null,null,null
1035,96,1,1,500.00,500.00,mobile,2026-04-25 16:29:16.851262,7,null,null,null,null
1036,80,1,1,600.00,600.00,mobile,2026-04-25 16:46:11.490372,5,null,null,null,null
1037,90,1,1,200.00,200.00,mobile,2026-04-25 16:46:55.751944,5,null,null,null,null
1038,65,1,1,750.00,750.00,mobile,2026-04-25 16:47:24.731585,5,null,null,null,null
1039,65,1,1,750.00,750.00,mobile,2026-04-25 16:47:51.404679,5,null,null,null,null
1040,94,1,2,400.00,800.00,mobile,2026-04-25 20:25:16.271039,1,null,null,null,null
1041,90,1,2,150.00,300.00,mobile,2026-04-25 20:25:52.527538,1,null,null,null,null
1042,81,1,1,430.00,430.00,mobile,2026-04-25 20:26:34.361596,1,null,null,null,null
1043,79,2,1,200.00,200.00,cash,2026-04-25 20:27:23.983759,1,null,null,null,null
1044,56,1,1,300.00,300.00,mobile,2026-04-25 20:28:21.164464,1,null,null,null,null
1045,96,2,1,500.00,500.00,cash,2026-04-25 20:29:48.133871,1,null,null,null,null
1046,81,2,1,500.00,500.00,cash,2026-04-25 20:30:26.195945,1,null,null,null,null
1047,79,2,1,300.00,300.00,mobile,2026-04-26 15:50:52.932488,7,null,null,null,null
1048,51,2,1,450.00,450.00,mobile,2026-04-26 15:53:47.204149,5,null,null,null,null
1049,87,2,1,300.00,300.00,mobile,2026-04-26 15:55:17.061652,5,null,null,null,null
1050,87,2,1,250.00,250.00,mobile,2026-04-26 15:55:44.364592,5,null,null,null,null
1051,79,2,1,250.00,250.00,cash,2026-04-26 15:56:23.956228,5,null,null,null,null
1052,78,1,2,100.00,200.00,cash,2026-04-26 15:56:47.804494,1,null,null,null,null
1053,94,2,1,300.00,300.00,mobile,2026-04-26 15:57:17.321146,5,null,null,null,null
1054,89,1,2,350.00,700.00,cash,2026-04-26 15:57:47.050138,1,null,null,null,null
1055,79,2,2,250.00,500.00,mobile,2026-04-26 15:57:50.349702,5,null,null,null,null
1056,66,2,1,1100.00,1100.00,cash,2026-04-26 15:59:18.594197,7,null,null,null,null
1057,87,2,2,300.00,600.00,mobile,2026-04-26 15:59:19.79227,1,null,null,null,null
1058,50,1,2,375.00,750.00,mobile,2026-04-26 16:00:11.574824,1,null,null,null,null
1059,79,2,1,200.00,200.00,cash,2026-04-26 16:01:12.948349,1,null,null,null,null
1060,94,1,1,400.00,400.00,cash,2026-04-26 16:02:30.422079,5,null,null,null,null
1061,84,2,1,300.00,300.00,cash,2026-04-26 16:03:38.807065,1,null,null,null,null
1062,82,1,1,400.00,400.00,mobile,2026-04-26 16:04:01.211644,5,null,null,null,null
1063,56,2,2,325.00,650.00,cash,2026-04-26 16:04:20.958617,4,null,null,null,null
1064,85,1,1,550.00,550.00,mobile,2026-04-26 16:04:56.150363,5,null,null,null,null
1065,90,1,1,150.00,150.00,mobile,2026-04-26 16:05:55.853542,5,null,null,null,null
1066,50,1,1,400.00,400.00,mobile,2026-04-26 16:06:26.41746,5,null,null,null,null
1067,78,1,1,100.00,100.00,cash,2026-04-26 16:06:57.298436,5,null,null,null,null
1068,90,1,1,150.00,150.00,cash,2026-04-26 16:07:48.792196,7,null,null,null,null
1069,78,1,1,100.00,100.00,mobile,2026-04-26 16:08:22.173401,7,null,null,null,null
1070,76,2,1,350.00,350.00,mobile,2026-04-26 16:08:57.653459,1,null,null,null,null
1071,80,1,1,600.00,600.00,cash,2026-04-26 16:09:06.241443,7,null,null,null,null
1072,84,1,1,400.00,400.00,mobile,2026-04-26 16:09:41.93349,7,null,null,null,null
1073,94,1,1,400.00,400.00,cash,2026-04-26 16:10:25.664435,7,null,null,null,null
1074,87,2,1,300.00,300.00,mobile,2026-04-26 16:10:32.295527,1,null,null,null,null
1075,50,1,1,350.00,350.00,cash,2026-04-26 16:10:47.909185,4,null,null,null,null
1076,86,1,1,600.00,600.00,mobile,2026-04-26 16:11:19.259462,4,null,null,null,null
1077,90,1,2,150.00,300.00,cash,2026-04-26 16:15:11.661079,4,null,null,null,null
1078,59,1,1,450.00,450.00,cash,2026-04-26 16:15:40.382079,4,null,null,null,null
1079,95,1,1,700.00,700.00,mobile,2026-04-26 16:41:22.424137,5,null,null,null,null
1080,95,1,1,1000.00,1000.00,mobile,2026-04-26 16:41:51.698654,5,null,null,null,null
1081,95,2,2,950.00,1900.00,cash,2026-04-27 12:58:47.695277,7,null,null,null,null
1082,93,1,1,400.00,400.00,cash,2026-04-27 16:27:17.399628,4,null,null,null,null
1083,50,1,1,350.00,350.00,cash,2026-04-27 16:27:45.761239,4,null,null,null,null
1084,94,1,2,475.00,950.00,mobile,2026-04-27 16:28:19.130266,4,null,null,null,null
1085,50,1,1,400.00,400.00,split,2026-04-27 16:28:48.40951,4,100.00,300.00,null,null
1086,56,1,1,350.00,350.00,mobile,2026-04-27 16:29:11.312684,4,null,null,null,null
1087,96,1,1,500.00,500.00,cash,2026-04-27 16:29:32.619904,4,null,null,null,null
1088,50,1,2,350.00,700.00,mobile,2026-04-27 16:30:13.673372,5,null,null,null,null
1089,82,1,1,480.00,480.00,cash,2026-04-27 16:30:39.073677,5,null,null,null,null
1090,84,1,1,380.00,380.00,mobile,2026-04-27 16:31:35.912543,7,null,null,null,null
1091,84,1,1,350.00,350.00,mobile,2026-04-28 15:30:13.983488,4,null,null,null,null
1092,94,1,1,400.00,400.00,mobile,2026-04-28 15:30:48.066252,4,null,null,null,null
1093,90,1,1,150.00,150.00,cash,2026-04-28 15:31:08.69523,4,null,null,null,null
1094,50,1,2,375.00,750.00,mobile,2026-04-28 15:31:32.854582,4,null,null,null,null
1095,96,1,1,580.00,580.00,mobile,2026-04-28 15:33:17.763919,4,null,null,null,null
1096,96,1,1,500.00,500.00,cash,2026-04-28 15:33:41.717843,4,null,null,null,null
1097,87,2,2,300.00,600.00,split,2026-04-28 16:35:41.404773,7,300.00,300.00,null,null
1098,84,1,1,380.00,380.00,cash,2026-04-28 16:36:01.58844,7,null,null,null,null
1099,96,2,1,400.00,400.00,cash,2026-04-28 16:36:04.534068,7,null,null,null,null
1100,56,1,1,300.00,300.00,mobile,2026-04-28 16:36:33.92312,7,null,null,null,null
1101,50,1,3,366.67,1100.01,split,2026-04-29 16:08:45.079829,4,1000.00,100.01,null,null
1102,98,1,1,300.00,300.00,mobile,2026-04-29 16:09:16.158631,4,null,null,null,null
1103,96,1,1,500.00,500.00,mobile,2026-04-29 16:09:42.482366,4,null,null,null,null
1105,96,1,1,500.00,500.00,mobile,2026-04-29 16:10:50.007568,7,null,null,null,null
1106,87,2,2,250.00,500.00,cash,2026-04-29 16:36:40.872288,5,null,null,null,null
1104,89,1,4,370.00,1480.00,split,2026-04-29 16:10:24.058396,4,780.00,700.00,null,null
1107,94,1,4,375.00,1500.00,cash,2026-04-30 14:46:55.611506,4,null,null,null,null
1108,56,1,2,300.00,600.00,cash,2026-04-30 14:47:22.974482,4,null,null,null,null
1109,78,1,2,100.00,200.00,cash,2026-04-30 14:48:05.371458,4,null,null,null,null
1110,50,1,1,350.00,350.00,cash,2026-04-30 16:07:13.409895,5,null,null,null,null
1111,89,1,1,400.00,400.00,cash,2026-04-30 16:07:37.034068,5,null,null,null,null
1112,90,1,2,150.00,300.00,cash,2026-04-30 16:07:58.744874,5,null,null,null,null
1113,84,1,1,350.00,350.00,cash,2026-04-30 16:08:33.079681,5,null,null,null,null
1114,96,1,1,500.00,500.00,mobile,2026-04-30 16:46:23.918576,5,null,null,null,null
1115,96,1,1,500.00,500.00,mobile,2026-04-30 16:46:51.845099,7,null,null,null,null
1116,96,2,1,500.00,500.00,mobile,2026-04-30 16:51:46.872984,7,null,null,null,null
1117,81,2,1,500.00,500.00,cash,2026-04-30 16:52:11.899431,7,null,null,null,null
1118,51,2,1,500.00,500.00,cash,2026-04-30 16:52:42.244799,7,null,null,null,null
1119,81,2,1,500.00,500.00,cash,2026-04-30 16:54:53.604907,7,null,null,null,null
1120,94,2,1,350.00,350.00,cash,2026-04-30 16:55:30.357353,4,null,null,null,null
1121,89,1,2,350.00,700.00,cash,2026-05-01 15:26:41.795147,4,null,null,null,null
1122,88,1,1,450.00,450.00,cash,2026-05-01 15:27:06.010327,4,null,null,null,null
1123,87,2,1,300.00,300.00,mobile,2026-05-01 16:07:17.685067,7,null,null,null,null
1124,60,2,1,450.00,450.00,split,2026-05-01 16:08:35.144303,7,100.00,350.00,null,null
1125,84,2,1,350.00,350.00,cash,2026-05-01 16:30:58.767563,5,null,null,null,null
1126,84,1,1,350.00,350.00,cash,2026-05-01 16:51:28.675518,5,null,null,null,null
1127,94,1,2,400.00,800.00,mobile,2026-05-01 16:52:00.047203,7,null,null,null,null
1128,82,1,1,500.00,500.00,cash,2026-05-01 16:52:25.504736,7,null,null,null,null
1129,96,1,2,475.00,950.00,cash,2026-05-02 16:03:12.496093,4,null,null,null,null
1130,84,1,1,370.00,370.00,mobile,2026-05-02 16:04:20.272672,4,null,null,null,null
1131,90,1,1,150.00,150.00,cash,2026-05-02 16:04:42.888895,4,null,null,null,null
1132,80,1,1,550.00,550.00,mobile,2026-05-02 16:17:06.929179,4,null,null,null,null
1133,90,1,1,150.00,150.00,mobile,2026-05-02 16:17:32.144896,4,null,null,null,null
1134,93,1,1,400.00,400.00,cash,2026-05-03 15:52:28.614149,1,null,null,null,null
1135,96,1,2,450.00,900.00,split,2026-05-03 15:53:22.738807,1,450.00,450.00,null,null
1136,82,1,1,450.00,450.00,mobile,2026-05-03 15:54:25.655179,1,null,null,null,null
1137,94,1,1,400.00,400.00,mobile,2026-05-03 15:56:37.371047,4,null,null,null,null
1138,94,1,2,375.00,750.00,cash,2026-05-03 15:57:10.390486,4,null,null,null,null
1139,93,1,1,350.00,350.00,cash,2026-05-03 15:57:49.981555,4,null,null,null,null
1140,80,1,1,550.00,550.00,cash,2026-05-03 15:58:42.79698,4,null,null,null,null
1141,82,1,1,450.00,450.00,cash,2026-05-03 15:59:08.434306,4,null,null,null,null
1142,89,1,1,150.00,150.00,split,2026-05-03 16:00:00.424169,4,100.00,50.00,null,null
1143,90,1,1,150.00,150.00,cash,2026-05-03 16:00:30.089312,4,null,null,null,null
1144,90,1,2,150.00,300.00,cash,2026-05-03 16:00:54.689742,4,null,null,null,null
1145,50,1,2,350.00,700.00,cash,2026-05-03 16:01:20.818223,4,null,null,null,null
1146,96,1,1,450.00,450.00,split,2026-05-03 16:02:03.782606,4,400.00,50.00,null,null
1147,82,1,1,500.00,500.00,mobile,2026-05-03 16:30:59.888912,5,null,null,null,null
1148,51,2,1,400.00,400.00,mobile,2026-05-03 16:36:30.521242,7,null,null,null,null
1149,87,2,1,300.00,300.00,cash,2026-05-03 16:37:36.158867,7,null,null,null,null
1150,79,2,2,275.00,550.00,mobile,2026-05-03 16:42:29.215411,7,null,null,null,null
1151,76,2,1,350.00,350.00,mobile,2026-05-03 16:44:00.321905,7,null,null,null,null
1152,81,2,2,500.00,1000.00,mobile,2026-05-03 16:46:30.070386,5,null,null,null,null
1153,96,1,1,400.00,400.00,split,2026-05-04 16:05:34.968764,4,300.00,100.00,null,null
1154,86,2,1,600.00,600.00,mobile,2026-05-04 16:43:11.300899,7,null,null,null,null
1155,87,2,1,300.00,300.00,mobile,2026-05-04 16:43:42.516768,7,null,null,null,null
1156,96,1,2,500.00,1000.00,mobile,2026-05-04 16:44:04.036722,4,null,null,null,null
1157,85,1,1,600.00,600.00,cash,2026-05-04 16:44:30.467127,7,null,null,null,null
1158,95,1,1,750.00,750.00,cash,2026-05-04 16:45:00.414399,7,null,null,null,null
1159,50,1,1,350.00,350.00,mobile,2026-05-05 15:19:52.398172,5,null,null,null,null
1160,90,1,1,200.00,200.00,mobile,2026-05-05 15:21:03.216892,4,null,null,null,null
1161,90,1,2,150.00,300.00,mobile,2026-05-05 15:23:09.798785,4,null,null,null,null
1162,94,1,1,400.00,400.00,mobile,2026-05-05 15:23:40.856057,4,null,null,null,null
1163,80,1,1,550.00,550.00,mobile,2026-05-05 15:28:15.81968,4,null,null,null,null
1164,85,1,1,600.00,600.00,mobile,2026-05-05 15:28:40.357418,4,null,null,null,null
1165,56,1,2,300.00,600.00,mobile,2026-05-05 15:29:04.501084,4,null,null,null,null
1166,50,1,1,350.00,350.00,mobile,2026-05-05 15:29:28.564818,4,null,null,null,null
1167,50,1,1,350.00,350.00,split,2026-05-05 15:29:56.429439,4,50.00,300.00,null,null
1168,90,1,2,150.00,300.00,mobile,2026-05-05 15:30:24.516054,4,null,null,null,null
1169,96,1,3,500.00,1500.00,mobile,2026-05-05 15:30:45.734463,4,null,null,null,null
1170,65,1,1,800.00,800.00,mobile,2026-05-05 15:31:08.303953,4,null,null,null,null
1171,94,1,4,375.00,1500.00,cash,2026-05-05 16:17:19.74077,5,null,null,null,null
1172,94,1,1,400.00,400.00,mobile,2026-05-05 16:17:46.679412,5,null,null,null,null
1173,90,1,1,150.00,150.00,cash,2026-05-05 16:18:10.405927,5,null,null,null,null
1174,88,1,1,500.00,500.00,mobile,2026-05-05 16:27:35.370963,7,null,null,null,null
1175,81,2,1,500.00,500.00,mobile,2026-05-05 16:28:55.757875,4,null,null,null,null
1176,96,2,1,450.00,450.00,cash,2026-05-05 16:29:41.118041,7,null,null,null,null
1177,94,1,2,350.00,700.00,mobile,2026-05-06 16:01:41.706843,4,null,null,null,null
1178,87,2,2,300.00,600.00,mobile,2026-05-06 16:46:49.571072,4,null,null,null,null
1179,59,2,1,500.00,500.00,cash,2026-05-06 16:47:15.976854,7,null,null,null,null
1181,50,1,1,400.00,400.00,cash,2026-05-06 16:49:04.185851,7,null,null,null,null
1182,85,1,1,600.00,600.00,cash,2026-05-06 16:49:30.398244,7,null,null,null,null
1183,90,1,2,150.00,300.00,cash,2026-05-06 16:49:58.794844,7,null,null,null,null
1184,95,2,1,900.00,900.00,mobile,2026-05-07 08:42:24.377764,1,null,null,null,null
1185,95,1,1,900.00,900.00,mobile,2026-05-07 08:43:11.095625,1,null,null,null,null
1186,80,1,1,600.00,600.00,mobile,2026-05-07 15:04:21.320859,5,null,null,null,null
1187,80,1,1,580.00,580.00,mobile,2026-05-07 16:36:34.445604,4,null,null,null,null
1188,80,1,2,600.00,1200.00,mobile,2026-05-07 16:37:02.103181,5,null,null,null,null
1189,90,1,1,130.00,130.00,cash,2026-05-07 16:37:26.234924,5,null,null,null,null
1190,56,1,1,300.00,300.00,cash,2026-05-07 16:38:00.264027,7,null,null,null,null
1191,76,2,1,450.00,450.00,mobile,2026-05-07 16:43:51.275932,7,null,null,null,null
1192,86,2,1,550.00,550.00,mobile,2026-05-07 16:44:38.877763,5,null,null,null,null
1193,59,2,1,500.00,500.00,mobile,2026-05-07 16:45:26.701612,4,null,null,null,null
1194,65,1,1,800.00,800.00,cash,2026-05-07 16:47:13.934098,7,null,null,null,null
1195,94,1,2,375.00,750.00,cash,2026-05-08 16:10:47.273869,4,null,null,null,null
1196,90,1,2,150.00,300.00,cash,2026-05-08 16:11:41.361643,4,null,null,null,null
1197,50,1,1,350.00,350.00,mobile,2026-05-09 16:03:36.335873,4,null,null,null,null
1198,90,1,2,200.00,400.00,mobile,2026-05-09 16:04:08.008643,4,null,null,null,null
1199,96,1,1,500.00,500.00,mobile,2026-05-09 16:04:37.566042,4,null,null,null,null
1200,84,2,1,400.00,400.00,cash,2026-05-09 16:31:56.41146,5,null,null,null,null
1201,65,2,1,750.00,750.00,cash,2026-05-09 16:33:11.143989,4,null,null,null,null
1202,84,1,1,400.00,400.00,cash,2026-05-09 16:33:15.774705,5,null,null,null,null
1180,87,2,4,275.00,1100.00,cash,2026-05-06 16:47:44.08908,7,null,null,null,null
1203,96,2,1,450.00,450.00,mobile,2026-05-10 09:40:07.075436,1,null,null,null,null
1204,96,1,2,450.00,900.00,cash,2026-05-10 13:06:43.639526,1,null,null,null,null
1205,80,1,4,550.00,2200.00,split,2026-05-10 13:08:01.89892,1,1100.00,1100.00,null,null
1206,94,1,1,400.00,400.00,cash,2026-05-10 13:08:51.81077,1,null,null,null,null
1207,96,1,1,500.00,500.00,cash,2026-05-10 15:51:36.027012,4,null,null,null,null
1208,80,1,1,600.00,600.00,cash,2026-05-10 15:52:05.679202,4,null,null,null,null
1209,83,1,1,650.00,650.00,mobile,2026-05-10 16:07:10.94453,1,null,null,null,null
1210,87,2,2,300.00,600.00,cash,2026-05-10 16:45:13.345899,4,null,null,null,null
1211,96,1,1,450.00,450.00,mobile,2026-05-10 16:45:34.82118,4,null,null,null,null
1212,81,2,1,450.00,450.00,cash,2026-05-10 16:46:32.290608,4,null,null,null,null
1213,95,2,1,1100.00,1100.00,mobile,2026-05-10 16:47:07.715574,7,null,null,null,null
1214,78,1,22,100.00,2200.00,cash,2026-05-10 16:48:22.476274,7,null,null,null,null
1215,94,2,1,250.00,250.00,cash,2026-05-10 16:50:06.195639,5,null,null,null,null
1216,96,1,1,400.00,400.00,mobile,2026-05-11 16:17:54.190534,5,null,null,null,null
1217,84,1,1,400.00,400.00,mobile,2026-05-11 16:19:47.646321,5,null,null,null,null
1218,84,1,1,400.00,400.00,mobile,2026-05-11 16:20:28.157233,7,null,null,null,null
1219,90,1,1,200.00,200.00,cash,2026-05-11 16:20:49.851388,7,null,null,null,null
1220,93,1,1,450.00,450.00,cash,2026-05-11 16:21:31.465959,7,null,null,null,null
1221,84,2,1,400.00,400.00,mobile,2026-05-11 16:40:23.758136,7,null,null,null,null
1222,51,2,2,400.00,800.00,mobile,2026-05-11 16:40:53.087729,5,null,null,null,null
1223,84,2,1,400.00,400.00,mobile,2026-05-11 16:41:18.461184,5,null,null,null,null
1224,96,1,2,500.00,1000.00,mobile,2026-05-12 16:39:33.217389,4,null,null,null,null
1225,66,2,1,1150.00,1150.00,mobile,2026-05-13 07:45:41.70007,7,null,null,null,null
1226,95,2,1,1250.00,1250.00,mobile,2026-05-13 07:46:22.449439,7,null,null,null,null
1227,86,2,1,600.00,600.00,mobile,2026-05-13 07:47:32.402178,7,null,null,null,null
1228,96,1,1,500.00,500.00,cash,2026-05-13 15:49:35.433408,4,null,null,null,null
1229,96,1,1,500.00,500.00,cash,2026-05-13 15:49:57.300669,5,null,null,null,null
1230,90,1,1,200.00,200.00,cash,2026-05-14 16:32:58.324132,7,null,null,null,null
1231,59,1,1,500.00,500.00,cash,2026-05-14 16:33:27.849722,7,null,null,null,null
1232,95,1,1,1000.00,1000.00,mobile,2026-05-14 16:34:08.374756,5,null,null,null,null
1233,80,1,1,600.00,600.00,mobile,2026-05-14 16:34:38.858626,5,null,null,null,null
1234,83,1,1,650.00,650.00,cash,2026-05-14 16:35:41.117676,4,null,null,null,null
1235,81,2,3,500.00,1500.00,cash,2026-05-14 16:35:53.063877,7,null,null,null,null
1236,87,2,2,300.00,600.00,split,2026-05-14 16:36:30.689371,7,500.00,100.00,null,null
1237,51,2,1,400.00,400.00,cash,2026-05-14 16:36:59.107677,7,null,null,null,null
1238,87,2,2,300.00,600.00,mobile,2026-05-14 16:37:36.502272,5,null,null,null,null
1239,81,2,1,500.00,500.00,mobile,2026-05-14 16:38:29.858143,5,null,null,null,null
1240,79,2,1,200.00,200.00,cash,2026-05-14 17:44:06.124877,4,null,null,null,null
1241,96,2,2,450.00,900.00,cash,2026-05-15 16:14:12.978353,7,null,null,null,null
1242,60,2,1,450.00,450.00,cash,2026-05-15 16:17:10.103855,4,null,null,null,null
1243,87,2,1,300.00,300.00,mobile,2026-05-15 16:18:40.498518,5,null,null,null,null
1244,80,1,1,550.00,550.00,cash,2026-05-15 16:19:51.384556,4,null,null,null,null
1245,84,1,1,400.00,400.00,cash,2026-05-15 16:33:17.400244,4,null,null,null,null
1246,68,1,2,230.00,460.00,cash,2026-05-15 16:34:15.755328,4,null,null,null,null
1247,89,1,1,350.00,350.00,cash,2026-05-15 16:34:49.656968,4,null,null,null,null
1248,78,1,3,100.00,300.00,cash,2026-05-15 16:35:16.500494,4,null,null,null,null
1249,78,1,5,100.00,500.00,cash,2026-05-15 16:35:45.073054,7,null,null,null,null
1250,94,1,2,400.00,800.00,mobile,2026-05-15 16:36:08.841353,5,null,null,null,null
1251,94,1,1,350.00,350.00,cash,2026-05-15 16:36:40.653246,7,null,null,null,null
1252,89,1,1,400.00,400.00,mobile,2026-05-15 16:37:08.987329,5,null,null,null,null
1253,84,1,4,400.00,1600.00,mobile,2026-05-15 17:08:30.589019,1,null,null,null,null
1254,96,1,2,500.00,1000.00,mobile,2026-05-16 16:02:12.504428,4,null,null,null,null
1255,50,1,1,350.00,350.00,mobile,2026-05-17 15:42:45.917236,4,null,null,null,null
1256,90,1,1,150.00,150.00,mobile,2026-05-17 15:43:19.913884,4,null,null,null,null
1257,94,1,2,375.00,750.00,cash,2026-05-17 15:43:51.01352,4,null,null,null,null
1258,65,1,1,750.00,750.00,cash,2026-05-17 15:44:17.050075,4,null,null,null,null
1259,96,1,1,450.00,450.00,mobile,2026-05-17 15:44:42.112062,4,null,null,null,null
1260,65,1,5,750.00,3750.00,cash,2026-05-17 16:47:17.374226,7,null,null,null,null
1261,84,1,1,400.00,400.00,mobile,2026-05-17 16:47:49.565447,7,null,null,null,null
1262,90,1,1,200.00,200.00,cash,2026-05-17 16:48:20.308613,5,null,null,null,null
1263,78,1,1,100.00,100.00,cash,2026-05-17 16:49:02.223108,5,null,null,null,null
1264,95,1,1,900.00,900.00,mobile,2026-05-17 16:49:28.75075,5,null,null,null,null
1265,90,1,2,175.00,350.00,mobile,2026-05-17 16:50:06.718874,5,null,null,null,null
1266,82,1,1,450.00,450.00,cash,2026-05-17 16:50:39.430024,5,null,null,null,null
1267,68,1,1,200.00,200.00,mobile,2026-05-17 16:51:14.800734,5,null,null,null,null
1268,84,2,1,400.00,400.00,cash,2026-05-17 16:51:44.697515,7,null,null,null,null
1269,51,2,1,450.00,450.00,mobile,2026-05-17 16:52:19.776324,7,null,null,null,null
1270,96,2,1,500.00,500.00,cash,2026-05-17 16:52:53.170207,7,null,null,null,null
1271,95,2,1,900.00,900.00,mobile,2026-05-17 16:56:17.146129,5,null,null,null,null
1272,87,2,1,300.00,300.00,mobile,2026-05-17 16:57:32.585327,5,null,null,null,null
1273,59,2,1,480.00,480.00,mobile,2026-05-17 16:58:17.779338,5,null,null,null,null
1274,96,1,1,465.00,465.00,mobile,2026-05-18 16:22:43.377267,4,null,null,null,null